Temperature,Humidity,Moisture,CO2,Status
32.79,51.0,8.85,327.86,Critical
22.05,79.63,16.2,315.98,Critical
20.64,53.75,9.15,268.47,Safe
31.22,78.64,16.94,384.02,Warning
31.79,82.38,13.51,434.38,Critical
28.45,61.11,10.51,379.21,Safe
22.04,65.2,12.19,256.38,Warning
36.14,79.19,16.06,517.4,Critical
27.57,72.08,16.39,376.61,Safe
31.55,78.18,12.91,336.51,Safe
39.7,84.21,19.04,473.02,Critical
29.07,83.36,14.65,340.79,Critical
25.34,87.47,18.38,362.76,Critical
23.42,79.17,13.81,283.96,Warning
39.79,75.6,15.46,504.74,Critical
24.58,51.28,9.15,254.39,Safe
24.22,87.72,19.8,311.55,Critical
33.11,65.83,15.65,402.77,Safe
22.79,79.8,16.19,348.37,Critical
28.57,73.34,13.84,434.47,Safe
30.19,53.64,8.01,279.49,Safe
35.84,66.89,10.76,393.26,Safe
30.58,88.84,19.93,327.29,Critical
33.63,71.48,12.9,423.35,Warning
25.87,56.33,8.29,335.68,Safe
34.39,88.88,19.35,441.88,Critical
22.13,75.01,17.05,307.78,Critical
23.06,80.5,16.34,356.88,Critical
30.61,50.02,8.95,273.97,Warning
37.57,83.27,15.5,382.47,Critical
21.71,69.44,11.3,315.3,Safe
22.57,69.01,14.1,258.61,Warning
39.29,87.16,18.96,518.08,Critical
34.26,65.96,14.22,393.45,Critical
29.03,59.92,9.37,260.52,Safe
31.77,50.29,11.31,303.67,Safe
38.11,84.39,14.3,410.68,Warning
24.28,55.29,13.67,322.52,Safe
29.45,81.38,18.12,335.57,Critical
33.18,64.17,12.3,451.51,Warning
33.47,89.37,15.46,396.42,Warning
36.01,54.37,9.02,411.01,Warning
28.44,61.14,10.73,405.77,Warning
36.16,84.24,14.44,458.14,Critical
39.38,87.05,19.5,437.91,Critical
29.71,58.55,11.12,282.08,Warning
20.04,65.62,15.68,324.42,Warning
28.46,88.29,20.63,396.67,Warning
23.1,61.87,15.19,319.62,Safe
30.84,79.92,13.33,388.52,Critical
38.39,71.25,11.59,443.1,Warning
21.37,52.72,12.71,261.85,Safe
38.83,72.79,15.03,389.81,Warning
28.38,73.35,14.81,427.4,Safe
33.39,62.57,11.11,330.39,Warning
32.91,68.29,16.23,479.97,Critical
29.17,89.94,20.96,328.22,Critical
30.12,55.3,10.15,282.96,Safe
27.39,56.31,13.26,372.77,Safe
32.23,89.49,18.82,337.65,Critical
36.34,61.98,13.38,500.53,Warning
25.29,85.59,18.57,290.62,Critical
25.64,58.43,10.74,340.1,Safe
37.06,70.22,12.55,498.66,Warning
21.85,66.94,12.05,199.32,Safe
32.74,60.48,13.54,403.37,Safe
31.22,54.47,13.56,410.56,Safe
30.91,83.38,17.17,338.65,Critical
20.84,64.59,15.52,361.55,Safe
37.98,58.4,10.18,367.15,Warning
35.6,85.37,16.51,457.86,Critical
23.09,87.2,19.63,405.24,Critical
37.63,50.99,11.62,407.55,Safe
36.04,84.56,18.78,416.99,Critical
35.75,54.32,13.1,480.37,Warning
23.99,86.74,16.45,373.44,Critical
37.43,58.92,12.74,421.75,Safe
37.29,88.68,16.41,477.59,Critical
27.99,89.25,18.07,440.53,Critical
37.54,60.45,12.57,515.62,Warning
22.17,67.38,14.85,266.14,Safe
27.7,73.06,13.14,376.11,Safe
30.4,82.26,17.57,462.29,Critical
27.28,52.8,11.55,303.38,Safe
26.28,83.92,18.1,321.35,Critical
26.19,66.34,12.68,292.6,Safe
23.84,76.6,14.59,351.05,Warning
32.31,62.04,12.7,306.66,Safe
24.2,81.43,16.93,298.21,Critical
28.84,77.03,15.47,412.75,Critical
23.39,53.39,10.77,309.02,Safe
26.7,82.74,18.05,384.9,Critical
36.13,55.89,8.46,481.03,Critical
36.99,52.91,10.07,441.01,Warning
34.37,65.36,12.47,349.66,Critical
20.11,80.04,17.63,226.3,Critical
28.5,57.04,14.16,358.67,Safe
21.0,59.97,14.08,273.43,Safe
36.03,76.7,18.27,466.92,Critical
39.0,85.66,17.81,514.13,Critical
30.1,83.22,16.93,449.2,Warning
29.0,80.07,18.05,344.62,Critical
35.55,69.38,12.31,407.43,Critical
25.71,60.87,11.09,318.97,Safe
22.77,59.25,13.01,325.78,Safe
21.28,66.3,13.52,266.92,Safe
36.66,65.58,14.73,511.62,Warning
37.13,80.62,15.41,369.29,Critical
27.04,80.14,18.15,433.7,Warning
30.76,79.39,17.68,459.65,Warning
24.39,67.43,10.66,270.98,Warning
34.48,83.62,19.24,517.92,Critical
30.68,86.28,17.81,421.93,Critical
32.85,55.43,10.86,310.85,Safe
26.55,68.19,12.66,389.54,Warning
35.04,83.28,15.17,359.35,Critical
20.39,71.58,17.32,266.49,Critical
21.37,88.29,14.9,213.16,Warning
24.95,83.57,17.44,294.87,Critical
29.47,54.58,13.6,357.11,Warning
35.34,56.71,11.99,453.02,Warning
35.56,56.55,10.18,419.09,Safe
31.52,86.32,16.52,468.44,Critical
21.52,77.62,16.29,232.95,Critical
35.45,84.01,17.4,380.87,Critical
39.68,81.31,15.35,462.09,Warning
21.38,75.9,12.26,262.31,Safe
22.11,88.43,18.5,366.19,Critical
34.15,67.42,14.89,490.43,Safe
32.32,86.78,19.0,412.58,Critical
36.51,73.7,13.67,392.73,Warning
25.58,68.03,15.11,342.53,Warning
26.73,69.77,12.9,329.81,Warning
35.96,63.61,15.0,466.79,Safe
31.12,70.67,12.28,331.22,Warning
29.77,80.33,17.21,407.09,Warning
28.96,50.69,8.9,318.8,Safe
24.87,76.56,14.53,329.91,Safe
28.51,79.84,14.95,392.31,Safe
26.13,59.22,13.17,297.64,Safe
34.86,88.04,18.75,393.0,Critical
34.77,61.06,12.75,453.08,Critical
25.66,54.02,8.97,257.85,Safe
23.59,50.57,10.32,251.39,Safe
39.49,72.13,15.61,413.15,Safe
22.05,50.49,8.8,261.09,Safe
26.81,88.62,16.24,407.18,Critical
36.44,66.03,10.65,438.36,Warning
23.03,82.45,19.18,259.83,Critical
24.96,72.32,13.96,334.78,Safe
35.51,65.22,15.5,400.18,Critical
39.8,62.22,13.17,481.39,Critical
21.98,80.51,16.86,266.44,Critical
21.62,59.59,12.23,222.4,Safe
28.17,77.57,15.33,283.57,Warning
25.76,61.31,14.42,261.09,Safe
24.67,60.58,13.86,330.37,Safe
36.08,57.91,9.27,363.12,Warning
22.98,60.63,9.98,209.24,Safe
35.85,73.8,16.71,509.44,Warning
22.49,77.55,16.71,379.28,Critical
30.01,69.75,11.43,283.63,Warning
34.69,74.15,11.99,363.48,Critical
36.72,73.01,17.31,533.68,Warning
31.52,80.52,14.16,389.03,Safe
38.32,57.26,11.96,464.57,Safe
39.38,68.8,13.21,431.22,Warning
37.15,63.19,13.8,406.61,Safe
36.27,72.0,14.13,403.67,Safe
22.32,80.9,18.37,367.04,Critical
20.02,84.77,16.73,212.52,Critical
30.37,74.91,14.97,369.28,Safe
24.07,71.97,16.96,315.6,Critical
29.69,51.15,11.01,399.84,Safe
26.22,50.55,9.56,265.95,Safe
36.83,54.54,13.59,459.88,Warning
29.97,78.66,15.79,342.4,Safe
39.6,59.75,12.26,438.67,Critical
30.16,85.17,19.22,361.9,Warning
26.8,81.51,14.91,262.96,Warning
34.52,83.5,17.18,456.69,Critical
37.31,67.86,13.48,413.69,Critical
27.54,87.31,19.68,450.72,Critical
31.44,59.34,13.52,308.98,Warning
34.1,82.46,15.81,446.24,Critical
29.91,51.48,10.31,365.08,Safe
37.48,67.61,13.68,436.31,Critical
22.88,84.84,19.79,259.72,Critical
35.63,60.6,12.86,404.2,Warning
37.04,84.09,18.97,446.05,Critical
26.33,78.75,17.31,409.43,Critical
32.35,59.39,12.98,354.38,Warning
34.94,67.36,11.06,426.1,Warning
28.87,77.76,17.97,305.91,Critical
35.92,61.73,11.6,360.49,Warning
30.62,72.64,16.28,334.8,Warning
32.19,65.3,14.16,392.33,Critical
22.86,68.45,12.21,250.5,Safe
37.98,68.61,12.45,449.51,Warning
28.83,63.82,13.29,376.98,Warning
33.81,68.27,12.47,480.35,Safe
22.13,65.25,12.2,249.64,Warning
20.44,83.2,16.01,205.75,Critical
37.3,81.13,19.07,534.05,Critical
34.9,83.31,19.08,488.52,Critical
24.6,82.08,14.73,270.07,Warning
25.01,80.22,17.65,367.29,Critical
22.74,53.89,11.54,211.41,Safe
35.77,51.33,9.46,346.03,Warning
38.19,63.07,12.11,394.58,Critical
37.53,64.63,12.94,403.6,Warning
25.14,82.99,16.49,382.89,Warning
36.08,68.73,11.2,457.46,Warning
37.2,78.97,18.67,540.11,Critical
36.09,64.63,14.67,356.48,Critical
22.47,64.74,14.44,258.85,Warning
36.45,87.61,15.17,397.76,Critical
32.39,87.73,16.51,424.06,Critical
32.95,75.42,14.87,436.02,Warning
22.33,51.81,7.59,340.6,Safe
22.32,59.39,12.1,265.88,Safe
27.42,87.98,18.77,374.48,Critical
31.75,79.06,18.12,432.89,Warning
32.31,87.56,16.19,434.49,Critical
24.35,67.79,11.97,281.38,Warning
30.89,89.11,16.97,377.45,Critical
39.36,87.96,19.54,425.97,Critical
24.24,75.58,17.94,260.19,Warning
24.87,55.04,11.4,236.68,Safe
35.3,58.29,9.95,461.9,Safe
35.49,81.55,16.89,403.71,Critical
39.68,89.5,18.14,535.26,Critical
22.2,84.66,14.72,272.92,Warning
35.77,73.55,11.8,379.16,Warning
34.83,71.04,15.68,422.9,Safe
30.26,54.36,10.9,428.37,Safe
34.54,86.35,18.22,404.76,Critical
32.87,51.25,13.24,450.47,Safe
33.72,69.61,16.38,350.86,Critical
26.44,55.93,8.94,328.99,Safe
31.71,78.49,14.98,407.58,Safe
29.07,74.22,12.44,385.18,Safe
28.6,85.52,16.59,421.34,Warning
28.32,53.8,10.32,361.22,Safe
27.49,56.11,13.76,274.44,Safe
36.64,53.73,8.33,446.26,Warning
31.13,73.46,15.06,359.34,Safe
28.22,84.94,19.63,368.02,Critical
38.32,52.06,9.14,398.89,Warning
31.56,58.51,12.64,334.68,Safe
27.0,72.25,12.14,295.27,Safe
36.14,83.81,19.61,510.4,Critical
32.27,75.71,12.3,452.85,Warning
20.58,60.93,13.76,342.05,Safe
27.02,57.26,9.31,341.93,Safe
21.39,79.64,18.76,242.38,Critical
30.61,65.05,12.73,314.94,Warning
34.43,81.07,16.62,360.99,Critical
21.05,56.3,11.97,298.18,Safe
25.44,76.48,15.21,321.18,Safe
24.31,70.49,13.17,246.69,Warning
30.54,62.34,10.79,436.86,Safe
20.15,62.06,10.68,196.86,Safe
25.11,63.12,9.67,338.97,Safe
22.58,71.3,12.64,298.4,Warning
21.44,84.47,14.15,208.15,Warning
38.42,84.48,17.35,482.69,Critical
34.19,66.71,11.03,320.39,Safe
23.44,87.9,17.34,351.44,Critical
27.24,67.47,11.13,317.76,Warning
30.48,65.83,12.03,339.27,Warning
35.58,53.06,11.41,417.75,Warning
38.12,63.98,14.16,503.03,Warning
24.73,55.86,9.36,310.48,Safe
35.2,76.22,13.31,462.21,Warning
29.28,72.55,14.99,396.73,Warning
37.28,75.09,12.92,368.33,Warning
32.63,81.85,16.92,387.21,Critical
21.48,68.47,10.92,248.4,Warning
21.53,84.57,19.05,328.95,Critical
30.14,68.51,14.03,418.24,Safe
28.99,82.39,17.39,348.29,Critical
29.51,56.03,8.58,274.56,Warning
39.65,53.37,11.55,380.51,Critical
28.76,67.58,13.65,301.25,Warning
38.36,65.5,14.75,485.97,Warning
35.78,75.89,12.57,355.77,Warning
25.68,78.95,16.73,405.46,Critical
26.67,73.31,12.51,305.22,Warning
22.58,78.35,13.18,301.13,Warning
32.87,63.14,10.39,413.1,Critical
39.94,86.5,14.86,500.97,Warning
20.36,62.35,15.18,254.18,Safe
35.32,57.68,14.54,370.69,Warning
25.92,81.52,16.35,347.31,Critical
34.77,71.06,15.18,483.82,Critical
22.62,65.07,10.99,334.17,Safe
34.42,51.75,9.54,427.03,Safe
32.21,80.1,17.72,368.14,Critical
24.78,88.62,19.43,409.59,Critical
27.36,87.89,20.48,369.87,Critical
25.64,65.27,13.22,397.1,Safe
36.03,55.54,9.61,430.94,Safe
31.09,54.1,12.9,431.59,Warning
21.68,56.41,10.98,273.84,Safe
36.62,53.67,13.2,482.87,Safe
38.61,66.6,12.7,429.43,Safe
39.89,65.0,10.17,518.68,Critical
33.0,81.66,14.16,366.7,Critical
36.6,77.84,13.4,465.89,Warning
32.31,86.23,14.36,349.4,Critical
30.98,79.09,15.98,327.49,Safe
24.75,54.87,9.4,316.73,Safe
32.46,52.51,12.52,387.17,Critical
20.33,70.62,12.58,209.17,Warning
20.03,64.11,13.25,216.52,Safe
30.47,64.42,15.6,389.75,Safe
27.81,68.81,14.58,427.97,Warning
34.95,64.28,10.26,359.38,Critical
32.57,80.86,17.58,386.8,Critical
20.89,71.84,16.25,238.16,Critical
29.29,77.82,16.35,424.49,Critical
34.32,87.74,14.77,369.3,Critical
35.82,85.43,15.98,407.71,Warning
39.78,71.72,12.86,502.63,Warning
25.72,84.49,14.18,353.02,Warning
25.46,81.97,16.02,318.7,Critical
28.79,88.26,16.69,321.24,Critical
33.84,64.69,14.72,374.68,Warning
34.54,53.16,11.25,453.22,Critical
25.88,54.1,9.79,275.05,Safe
28.92,78.71,13.74,348.93,Warning
28.94,79.07,18.28,399.18,Warning
25.49,89.2,20.53,289.56,Critical
32.75,64.53,14.71,429.76,Warning
22.86,74.3,16.55,236.92,Warning
24.72,75.81,14.33,390.76,Warning
32.1,77.16,18.12,391.12,Critical
35.26,72.96,14.77,410.14,Critical
25.57,88.42,14.84,279.67,Warning
30.35,86.54,15.01,422.54,Critical
28.93,89.85,16.68,439.34,Warning
24.0,55.43,8.53,230.28,Safe
34.27,89.89,19.84,516.71,Critical
39.73,76.71,16.6,488.3,Critical
25.81,62.0,10.35,343.38,Safe
34.0,56.96,10.56,348.68,Warning
39.7,81.68,14.76,469.84,Warning
31.08,64.76,14.77,392.91,Safe
21.31,65.93,14.49,282.14,Warning
35.38,82.93,14.03,499.53,Critical
29.0,77.2,14.51,423.02,Critical
32.8,57.28,14.25,388.47,Warning
36.63,70.72,12.97,377.06,Critical
24.51,87.9,17.69,299.0,Critical
21.58,57.85,14.31,251.26,Safe
32.5,74.58,12.48,409.96,Critical
38.83,56.17,12.19,484.55,Critical
26.75,86.96,14.64,398.9,Warning
20.91,75.66,15.59,311.23,Critical
28.33,75.56,15.1,379.15,Safe
32.84,62.08,10.89,432.03,Safe
25.95,52.92,7.94,289.54,Safe
29.69,58.16,12.27,328.26,Warning
34.68,84.43,19.74,386.42,Critical
27.41,72.47,13.41,335.79,Warning
28.99,55.64,8.43,403.31,Warning
24.97,84.61,14.88,296.49,Warning
31.55,62.51,14.08,385.62,Warning
29.98,62.34,9.61,419.09,Warning
39.33,58.61,10.84,375.59,Warning
29.9,85.29,17.98,384.19,Critical
36.94,67.24,15.74,484.5,Safe
27.32,66.02,13.63,292.49,Warning
21.47,70.17,15.62,257.56,Safe
22.57,53.87,10.01,353.64,Safe
31.16,64.62,10.79,381.94,Warning
30.0,51.81,8.18,314.19,Warning
30.39,55.96,13.55,314.01,Warning
23.25,89.62,19.36,297.18,Critical
26.73,83.13,16.82,384.8,Warning
29.5,50.67,9.12,278.14,Warning
31.67,81.87,17.73,435.44,Critical
31.94,60.62,13.06,460.23,Safe
34.43,73.34,12.69,428.39,Critical
35.49,65.21,14.97,388.5,Critical
38.96,54.4,7.99,399.74,Warning
28.26,58.16,11.64,358.64,Safe
29.43,83.94,18.15,417.97,Critical
31.22,89.92,17.85,381.74,Critical
29.19,71.33,14.54,392.74,Warning
32.2,57.69,10.02,381.39,Warning
38.83,89.29,19.49,518.53,Critical
33.8,69.56,13.79,416.63,Critical
25.47,54.87,12.03,295.6,Safe
39.6,82.74,19.28,541.14,Critical
25.81,61.51,13.59,301.47,Safe
28.85,60.26,11.93,300.48,Safe
30.77,87.32,18.64,342.86,Critical
24.85,76.79,15.54,348.27,Warning
22.0,63.21,12.48,311.39,Safe
20.1,72.01,16.98,271.01,Safe
29.55,57.98,14.38,338.79,Safe
38.16,53.58,11.16,443.02,Critical
37.01,51.49,12.83,421.11,Warning
38.68,51.45,12.31,494.42,Warning
38.73,88.49,20.25,548.83,Critical
20.19,72.72,12.19,340.13,Warning
29.09,75.65,15.28,429.58,Warning
37.02,68.72,11.9,367.72,Warning
34.62,75.93,16.5,350.95,Critical
26.74,61.8,13.41,285.36,Safe
32.22,75.55,14.54,383.33,Warning
21.73,76.77,13.46,227.1,Safe
38.72,50.27,9.36,425.48,Safe
39.08,62.08,13.75,381.38,Critical
27.19,59.45,12.9,330.86,Safe
23.19,77.44,18.03,384.1,Warning
33.81,75.55,17.75,405.66,Critical
24.42,88.29,17.53,324.65,Critical
39.78,64.94,14.2,534.85,Critical
36.04,83.02,18.18,480.15,Critical
31.92,81.49,16.45,405.96,Warning
21.56,72.57,11.88,282.62,Safe
31.45,55.99,10.17,368.6,Safe
33.61,78.68,15.67,478.27,Warning
36.17,68.14,13.71,423.34,Warning
31.18,76.91,14.23,306.43,Safe
36.33,79.83,16.44,372.75,Critical
26.89,52.55,13.47,405.78,Safe
39.72,68.88,12.5,408.5,Warning
35.32,89.13,18.7,433.96,Critical
39.86,65.3,15.28,540.08,Safe
21.6,88.57,19.96,257.08,Critical
37.21,54.75,13.91,424.54,Warning
34.56,58.91,8.8,313.24,Warning
25.97,76.94,15.65,343.06,Warning
24.95,63.85,11.42,376.59,Safe
20.64,76.41,15.97,356.05,Warning
24.81,52.69,11.1,295.03,Safe
33.44,84.89,15.45,338.73,Critical
28.78,71.59,15.84,411.17,Safe
30.08,61.57,14.21,408.89,Warning
31.55,80.9,18.09,363.85,Critical
39.71,70.85,13.65,429.37,Critical
38.97,85.19,19.51,507.41,Critical
28.54,69.82,16.8,440.05,Critical
27.62,70.98,15.37,338.37,Warning
27.53,80.18,15.88,410.59,Safe
37.15,55.77,10.93,355.37,Warning
28.25,66.66,13.51,332.2,Warning
24.07,75.87,17.71,384.79,Critical
30.71,83.18,13.95,357.2,Critical
32.06,84.94,15.12,438.07,Critical
29.59,84.78,15.95,448.77,Warning
24.24,57.6,12.97,346.75,Safe
35.09,86.58,18.49,475.95,Critical
27.93,59.57,10.84,298.79,Safe
29.33,75.95,14.04,341.04,Safe
29.32,82.11,17.76,423.86,Warning
38.29,64.83,12.45,455.15,Warning
34.83,50.65,10.45,414.0,Critical
28.35,56.1,10.2,315.27,Safe
36.67,69.97,14.92,470.88,Safe
35.27,69.54,15.25,467.29,Safe
23.36,81.8,14.38,340.75,Warning
29.77,86.68,17.59,408.34,Critical
30.48,83.56,14.16,426.48,Warning
35.29,66.5,15.36,386.73,Critical
23.02,58.75,11.49,217.32,Safe
32.75,87.36,19.95,452.74,Critical
20.31,71.29,13.73,194.43,Warning
30.71,61.47,12.31,400.31,Warning
36.12,86.39,14.92,371.21,Critical
22.98,57.68,11.69,338.68,Safe
25.35,65.88,12.41,300.51,Safe
39.8,59.03,12.91,518.21,Critical
39.83,76.0,12.39,445.09,Warning
31.05,52.24,7.5,295.42,Warning
36.91,75.8,14.15,516.22,Critical
37.9,86.77,15.73,521.85,Warning
25.42,86.97,18.5,311.56,Critical
30.86,76.32,13.34,431.37,Warning
39.23,73.48,16.21,507.38,Warning
38.58,61.97,12.78,460.37,Safe
33.54,71.62,13.63,441.91,Critical
34.48,70.03,16.85,357.64,Warning
24.64,53.04,11.24,320.82,Safe
31.91,88.76,16.71,424.11,Warning
29.81,64.23,15.49,364.65,Warning
21.71,74.74,16.74,334.9,Warning
25.36,65.2,14.74,271.98,Warning
26.33,54.26,7.88,272.02,Safe
27.2,60.79,9.95,271.73,Safe
28.98,72.19,13.89,283.45,Warning
31.08,73.88,16.48,451.39,Warning
25.84,65.51,10.61,375.63,Safe
31.44,56.78,10.64,309.81,Warning
25.37,55.84,9.17,263.7,Safe
26.0,81.31,15.43,408.23,Critical
32.5,73.75,12.92,326.72,Safe
20.14,65.83,15.22,258.28,Warning
28.8,67.22,15.39,389.12,Safe
26.01,74.13,16.0,336.74,Safe
39.29,88.75,16.5,506.59,Critical
29.82,73.04,13.06,343.67,Warning
27.3,87.28,15.65,430.81,Warning
33.63,72.0,17.12,415.76,Critical
28.77,61.65,13.49,406.18,Warning
33.46,55.57,9.93,344.68,Warning
23.08,66.93,12.65,285.9,Warning
31.64,71.37,16.81,459.59,Safe
30.87,81.63,15.48,449.38,Critical
31.88,86.58,14.97,353.37,Critical
27.1,75.88,12.44,410.58,Critical
32.93,88.67,16.72,460.3,Critical
22.12,53.94,9.12,306.3,Safe
31.16,77.51,13.83,360.61,Safe
35.45,73.54,14.71,403.24,Warning
29.66,61.82,14.89,304.79,Safe
26.97,63.72,14.45,345.33,Warning
29.52,67.53,14.69,339.68,Warning
20.89,78.43,12.82,247.89,Warning
22.19,82.0,18.98,355.28,Critical
30.32,72.08,13.4,358.42,Warning
24.64,66.2,11.35,325.63,Warning
27.91,79.5,18.2,362.03,Critical
28.59,50.18,8.32,292.04,Safe
34.08,81.84,16.83,472.87,Critical
30.74,64.63,11.11,301.18,Warning
30.55,75.56,15.69,401.76,Critical
22.28,64.08,12.56,233.2,Warning
38.37,73.61,15.75,432.56,Warning
26.11,57.32,12.62,325.93,Safe
28.36,55.51,10.4,285.32,Safe
32.71,77.74,16.42,489.18,Critical
31.1,69.59,11.76,340.13,Warning
32.39,84.62,19.64,419.64,Critical
23.9,65.36,13.44,330.69,Warning
33.69,66.63,15.37,411.94,Warning
31.31,81.84,14.69,311.78,Warning
30.75,56.73,11.09,401.75,Warning
30.99,54.53,8.59,396.87,Warning
30.84,80.27,17.61,387.07,Critical
39.8,54.1,12.8,502.22,Safe
37.5,51.29,8.83,477.1,Warning
28.78,89.76,19.61,343.76,Critical
36.21,73.52,13.81,464.87,Critical
28.56,74.65,16.64,418.96,Warning
31.4,71.29,14.84,335.14,Warning
25.79,60.69,14.29,407.03,Safe
22.71,80.0,15.47,233.94,Warning
25.55,76.24,16.46,279.03,Critical
34.23,83.14,18.2,461.5,Critical
29.79,73.1,13.23,350.33,Warning
21.51,81.78,17.97,289.41,Critical
35.0,77.79,17.82,431.85,Critical
29.76,73.28,16.87,437.5,Warning
34.62,68.34,14.65,396.77,Warning
35.91,65.91,15.99,491.03,Safe
25.37,83.13,15.65,344.42,Warning
31.32,69.41,12.94,407.11,Safe
20.92,75.05,17.03,216.96,Critical
28.83,50.03,12.75,304.42,Safe
33.77,55.28,11.96,342.94,Warning
38.65,60.96,13.12,412.16,Safe
33.29,75.96,12.5,415.5,Critical
28.58,53.65,8.3,281.45,Safe
21.56,73.75,14.87,281.16,Safe
33.91,82.68,19.46,423.97,Critical
22.64,52.83,9.86,312.62,Safe
22.05,62.53,14.79,236.39,Safe
35.47,80.13,13.82,502.67,Critical
21.37,72.53,15.17,235.81,Warning
34.45,75.12,12.93,395.02,Warning
37.2,53.47,8.3,453.89,Critical
34.6,64.06,12.39,454.52,Warning
25.54,53.37,10.99,326.35,Safe
32.15,81.16,17.37,464.01,Critical
33.17,62.07,12.52,395.82,Critical
27.84,75.85,16.87,409.75,Critical
29.9,54.51,10.9,368.53,Safe
39.74,87.36,15.26,531.43,Warning
27.31,77.32,17.04,431.01,Critical
20.33,52.7,9.11,175.22,Safe
21.21,81.57,16.35,314.42,Critical
30.02,66.62,14.53,306.04,Safe
25.55,62.4,12.55,270.76,Safe
36.16,71.46,13.64,451.29,Critical
33.62,52.64,11.72,431.59,Warning
21.16,53.45,10.3,255.64,Safe
32.18,62.37,13.92,429.91,Warning
20.25,55.49,8.17,242.78,Safe
26.93,70.69,16.07,311.13,Safe
22.54,81.24,14.86,361.53,Warning
35.43,51.17,12.08,378.22,Warning
21.28,78.49,16.16,225.93,Critical
29.1,64.4,12.88,366.1,Warning
23.15,80.93,18.55,352.11,Critical
22.31,79.63,12.94,345.19,Warning
20.25,51.84,9.55,317.49,Safe
23.58,88.41,14.89,358.75,Warning
34.28,76.23,13.59,370.47,Warning
25.43,53.12,9.86,303.93,Safe
38.04,57.17,13.26,523.73,Safe
21.38,68.6,12.41,331.03,Warning
21.73,68.27,12.87,248.31,Warning
34.79,59.7,11.15,479.15,Warning
34.65,71.86,16.15,371.34,Warning
20.48,71.66,15.15,311.5,Safe
39.02,50.06,10.96,500.84,Critical
26.15,58.21,14.54,321.37,Safe
39.22,88.9,15.63,435.12,Critical
38.43,85.89,17.3,502.94,Critical
27.45,88.98,15.31,286.34,Warning
22.67,82.8,14.01,307.6,Warning
28.7,88.57,16.13,329.41,Critical
26.3,82.03,17.61,388.71,Warning
29.06,59.34,14.53,305.03,Safe
23.11,56.57,11.11,271.69,Safe
30.72,88.59,15.96,356.33,Safe
37.05,53.62,12.57,402.02,Critical
33.94,51.61,12.34,373.55,Warning
21.82,59.93,11.12,275.95,Safe
33.54,60.41,15.03,335.52,Warning
28.09,68.09,15.11,316.43,Warning
22.04,81.75,14.08,220.67,Warning
35.62,58.89,9.97,390.14,Critical
32.61,75.79,15.65,365.76,Critical
20.44,52.58,12.93,260.0,Safe
22.58,86.2,19.22,294.95,Critical
20.85,68.44,11.7,278.82,Warning
29.92,65.31,12.62,338.93,Safe
25.5,67.84,11.46,330.56,Safe
32.95,69.96,16.29,407.59,Critical
25.6,55.49,9.29,363.99,Safe
30.52,75.23,16.86,436.68,Warning
35.64,64.36,13.14,419.65,Critical
30.05,65.54,11.19,327.47,Safe
20.59,82.43,15.17,331.13,Warning
29.43,64.3,13.36,318.34,Safe
22.0,76.27,13.85,339.86,Critical
21.12,89.86,16.29,348.09,Critical
35.95,64.19,14.87,489.09,Warning
24.73,62.72,13.97,294.56,Safe
31.83,78.14,14.74,402.82,Warning
31.26,57.53,14.43,445.81,Warning
30.84,57.02,8.63,280.54,Safe
20.4,69.12,12.81,286.31,Safe
26.82,57.1,13.23,393.26,Safe
20.44,73.46,17.2,334.3,Critical
37.21,88.42,16.93,527.46,Critical
27.91,54.04,9.62,269.03,Safe
23.15,87.95,19.34,401.91,Warning
23.48,88.75,18.91,397.97,Warning
24.46,73.56,12.76,277.49,Warning
22.55,79.15,18.52,389.89,Warning
37.02,80.83,16.57,402.18,Critical
26.36,82.35,17.14,371.64,Critical
22.08,69.85,12.96,218.05,Warning
39.65,56.72,13.66,399.0,Critical
33.4,79.17,14.85,330.07,Critical
24.19,77.73,14.65,361.07,Warning
34.41,51.93,10.02,381.34,Warning
37.69,69.72,13.22,450.36,Warning
36.58,81.55,16.78,491.02,Critical
24.51,68.05,15.41,247.5,Safe
26.37,88.07,15.06,286.22,Warning
27.51,79.28,16.14,419.5,Critical
26.76,89.41,20.24,401.52,Warning
38.85,56.6,13.66,401.94,Warning
26.62,88.98,17.25,361.11,Critical
38.51,71.61,15.29,429.13,Warning
20.99,72.87,16.61,237.52,Safe
20.08,53.51,12.65,284.06,Safe
29.61,53.88,9.02,363.31,Safe
29.47,54.62,12.63,353.2,Warning
21.82,71.77,12.46,342.18,Warning
23.73,51.78,9.99,249.39,Safe
36.74,72.57,12.42,460.94,Warning
21.71,63.75,13.0,357.41,Safe
31.07,83.63,18.64,390.88,Warning
31.45,59.43,10.68,351.07,Safe
30.04,86.02,19.01,423.86,Critical
22.41,80.29,14.1,372.1,Warning
39.44,82.34,14.23,453.29,Warning
24.04,82.9,14.47,327.96,Warning
26.39,79.08,17.66,286.12,Critical
31.13,72.08,16.56,397.25,Warning
35.73,74.92,15.12,420.04,Safe
22.99,72.66,15.03,379.42,Safe
38.5,72.51,12.11,411.32,Critical
37.6,85.12,15.61,478.82,Warning
20.75,61.02,10.07,275.23,Safe
33.87,51.55,12.65,374.99,Warning
24.75,79.83,18.49,403.48,Critical
26.76,81.75,15.22,398.56,Critical
33.7,88.9,16.15,385.83,Critical
34.87,80.96,15.12,460.91,Critical
23.76,58.46,13.64,344.35,Safe
35.19,84.69,18.86,448.64,Critical
23.18,62.44,12.53,236.15,Safe
37.03,85.17,14.21,392.19,Critical
36.74,59.98,11.73,492.93,Critical
23.98,64.73,12.73,286.96,Safe
33.62,59.68,11.87,386.93,Safe
31.74,63.99,10.78,434.42,Safe
25.7,65.46,11.07,323.91,Safe
37.14,75.9,16.25,415.7,Critical
28.19,50.8,11.84,383.91,Safe
29.48,55.29,9.1,388.44,Safe
25.05,82.2,15.27,401.57,Critical
25.51,85.82,19.27,344.89,Critical
24.36,62.09,12.54,326.08,Safe
31.69,50.29,13.05,456.79,Warning
31.23,73.75,13.45,409.06,Warning
21.28,89.53,18.75,364.39,Critical
25.22,78.44,18.04,310.21,Critical
23.0,80.62,18.52,371.47,Critical
36.05,74.0,15.76,468.22,Critical
20.51,69.89,12.75,333.96,Warning
27.77,51.41,11.53,346.88,Safe
23.8,79.06,14.15,314.29,Warning
35.7,86.26,18.28,449.57,Critical
36.91,83.63,18.98,412.98,Critical
21.95,55.12,9.58,316.74,Safe
35.26,57.32,12.54,389.0,Warning
24.45,58.93,14.01,301.83,Safe
37.74,64.87,13.49,439.05,Warning
29.41,84.66,17.43,452.34,Critical
29.44,57.78,9.27,369.66,Warning
28.26,84.83,14.87,435.73,Safe
28.18,72.78,17.0,360.01,Safe
37.25,57.21,8.93,390.37,Warning
26.27,52.32,10.18,267.1,Safe
35.47,73.05,12.56,463.13,Warning
22.59,67.35,13.05,279.79,Warning
27.67,51.51,8.5,298.9,Safe
20.28,62.89,14.58,226.19,Safe
33.53,75.07,13.51,433.81,Warning
26.24,54.11,10.84,285.58,Safe
21.31,51.83,13.06,271.35,Safe
30.41,70.96,13.79,402.93,Safe
26.85,86.06,16.37,300.5,Critical
38.96,86.73,16.77,430.0,Critical
34.54,55.25,12.45,422.0,Warning
22.46,78.44,17.44,291.83,Critical
32.81,80.85,16.91,427.68,Critical
20.96,54.32,12.88,201.72,Safe
22.32,67.77,11.3,240.14,Safe
24.11,77.43,12.54,291.14,Warning
22.02,70.81,14.9,326.82,Warning
36.61,54.2,12.15,365.69,Warning
22.28,54.25,9.04,219.96,Safe
25.26,70.93,12.4,347.15,Warning
23.21,71.93,16.85,346.46,Safe
26.61,50.11,11.05,386.45,Warning
22.98,53.6,10.79,319.52,Safe
22.03,60.24,10.43,350.64,Safe
25.92,68.57,11.31,263.7,Safe
37.04,64.41,13.94,428.26,Warning
21.9,80.33,13.34,342.02,Warning
33.27,56.82,10.51,375.28,Warning
32.44,85.14,14.59,447.74,Critical
22.28,66.01,12.94,341.21,Warning
36.0,75.95,16.97,382.94,Critical
33.92,52.35,13.12,350.3,Warning
28.32,73.63,16.54,394.44,Warning
32.23,81.17,16.9,464.81,Critical
37.6,79.09,18.17,464.14,Critical
29.76,85.5,16.74,311.43,Warning
20.25,84.73,17.09,326.93,Critical
34.48,58.96,14.53,477.15,Critical
30.46,78.02,13.18,396.37,Warning
29.64,76.55,16.16,320.98,Critical
20.23,87.37,17.51,284.94,Critical
29.92,56.62,12.83,334.65,Warning
39.4,52.01,8.74,460.63,Safe
36.34,53.15,10.3,426.59,Warning
37.13,67.88,11.29,427.33,Critical
20.36,66.14,10.44,263.66,Safe
35.84,88.53,18.53,513.47,Critical
31.25,76.18,14.97,361.89,Warning
36.33,83.77,15.75,484.84,Warning
34.33,64.53,12.62,341.99,Critical
24.43,63.65,14.71,392.16,Warning
30.95,64.96,10.63,426.15,Warning
22.81,78.67,17.06,250.51,Critical
32.22,57.5,14.08,375.46,Safe
36.49,57.62,10.55,458.79,Warning
38.53,83.5,17.23,514.99,Critical
29.01,76.34,18.01,321.69,Warning
20.09,79.45,16.21,271.2,Critical
31.7,86.97,19.08,478.03,Critical
34.61,55.14,10.35,413.94,Safe
30.08,65.39,15.96,447.15,Safe
25.47,88.54,20.53,349.81,Critical
22.67,66.51,14.5,338.95,Warning
36.86,71.91,13.27,472.84,Critical
32.65,58.04,12.35,354.74,Safe
38.42,55.31,12.32,521.83,Warning
30.08,77.77,14.49,311.71,Safe
31.25,73.31,17.32,432.72,Critical
34.96,83.66,15.45,482.42,Critical
30.45,51.01,8.07,372.09,Safe
25.34,81.42,19.19,378.69,Critical
22.93,52.48,12.2,242.94,Safe
30.82,64.35,12.59,389.73,Safe
34.85,72.45,12.92,458.59,Critical
25.75,76.58,17.87,328.86,Warning
39.32,52.15,11.89,405.14,Safe
36.6,86.46,18.52,482.22,Critical
35.1,71.86,14.99,470.13,Warning
25.88,57.1,12.52,271.32,Safe
23.48,70.55,13.37,290.21,Warning
22.6,73.36,13.2,264.89,Safe
20.8,87.15,18.01,341.84,Critical
32.51,83.73,15.55,449.24,Warning
21.46,78.31,15.81,366.77,Warning
30.41,81.45,14.25,382.24,Safe
21.84,58.85,10.05,241.75,Safe
27.22,58.74,13.26,343.38,Safe
39.93,82.95,19.48,418.11,Critical
33.38,67.83,15.99,431.94,Critical
24.88,51.6,12.63,292.97,Safe
35.92,54.53,9.45,442.29,Warning
38.23,82.88,15.83,509.9,Warning
29.74,61.86,13.28,335.05,Safe
38.96,56.7,14.08,466.08,Warning
32.54,58.43,12.46,341.81,Critical
28.48,54.16,11.06,372.54,Safe
39.52,81.01,17.08,550.96,Critical
34.94,56.15,10.99,377.42,Warning
21.75,52.17,12.2,287.79,Safe
31.5,59.11,10.37,348.94,Warning
28.66,50.68,11.18,348.07,Safe
32.83,74.73,16.48,424.4,Critical
27.15,70.11,12.76,365.04,Safe
25.63,87.07,16.7,391.34,Critical
29.48,71.34,12.09,337.81,Warning
39.2,55.76,12.22,519.37,Critical
32.96,88.3,14.73,463.21,Critical
22.46,50.2,10.62,283.64,Safe
38.94,62.19,13.93,523.62,Safe
24.23,86.23,19.35,281.84,Critical
23.68,74.68,13.45,242.39,Safe
37.03,87.29,20.42,466.2,Critical
30.99,61.63,9.73,294.26,Warning
39.03,64.29,13.89,417.28,Safe
32.39,86.0,16.11,396.55,Critical
32.33,62.23,12.95,398.54,Safe
36.15,88.35,15.68,410.01,Critical
34.24,75.63,13.79,388.87,Warning
37.56,68.51,12.85,408.73,Critical
22.18,75.82,12.66,250.0,Warning
37.83,57.86,12.97,463.41,Critical
21.51,50.75,10.19,191.04,Safe
31.64,66.21,13.78,450.31,Warning
30.87,89.95,17.82,441.83,Warning
27.85,85.66,17.67,424.0,Critical
29.29,70.42,13.46,360.55,Safe
36.96,82.26,17.14,401.83,Critical
30.28,67.85,11.64,432.79,Safe
34.72,69.34,13.02,367.31,Safe
24.63,60.57,10.52,325.87,Safe
30.36,81.66,15.66,448.76,Warning
20.8,75.94,12.81,347.0,Critical
36.59,83.39,15.26,449.3,Critical
27.53,65.14,13.55,406.77,Safe
30.33,65.05,15.45,383.17,Warning
36.34,63.8,14.52,497.95,Warning
30.04,55.56,9.11,278.28,Warning
24.23,57.48,10.67,330.42,Safe
22.37,59.21,13.71,327.49,Safe
29.63,69.15,12.09,302.55,Warning
20.45,51.73,10.79,204.23,Safe
32.59,51.57,10.75,308.6,Safe
38.45,70.67,13.57,527.43,Critical
20.37,78.78,16.73,252.7,Critical
21.71,67.97,16.55,358.62,Warning
24.39,66.43,11.14,312.82,Safe
32.46,70.43,12.09,414.74,Safe
31.93,52.75,9.82,309.55,Safe
24.05,84.38,16.9,312.17,Critical
22.99,53.85,10.63,301.41,Safe
20.78,81.35,16.29,228.05,Critical
29.64,55.21,11.66,407.1,Warning
30.44,64.82,10.22,360.27,Safe
38.77,69.28,15.47,441.13,Critical
38.16,83.49,17.15,455.43,Critical
25.09,80.63,18.59,277.26,Critical
31.97,71.75,12.9,305.08,Safe
31.56,54.71,7.99,380.28,Warning
28.18,54.26,10.41,347.51,Safe
25.23,71.44,14.68,343.6,Warning
35.1,66.53,15.01,423.24,Safe
31.18,69.35,16.8,408.22,Critical
27.96,55.52,13.29,285.1,Safe
24.6,81.32,18.96,276.84,Critical
30.17,81.44,18.09,410.39,Critical
23.21,88.58,14.75,240.42,Warning
22.91,87.03,17.02,244.45,Critical
24.44,53.2,7.87,265.24,Safe
39.69,74.56,15.04,505.96,Critical
21.15,80.94,14.24,281.8,Warning
20.21,84.02,19.39,301.95,Critical
23.89,81.36,16.34,352.35,Critical
32.3,76.96,14.55,420.55,Critical
21.74,61.04,11.6,302.55,Safe
28.11,58.01,8.69,357.13,Safe
38.38,71.98,15.75,472.01,Critical
26.96,88.53,16.37,368.47,Critical
23.89,87.19,17.89,290.13,Critical
28.14,54.26,8.29,289.93,Safe
38.94,82.12,19.16,545.38,Critical
36.26,73.0,15.77,516.02,Critical
29.67,59.73,10.98,395.7,Warning
37.93,84.48,16.79,424.5,Critical
27.65,81.55,14.63,381.84,Safe
28.25,64.12,13.04,379.83,Warning
24.97,53.72,11.79,360.02,Safe
21.52,87.26,17.31,278.32,Critical
37.89,60.76,14.83,482.35,Warning
29.98,57.99,13.01,424.49,Safe
24.58,83.4,18.7,316.26,Critical
35.58,54.8,8.43,470.87,Safe
32.28,80.57,16.36,331.36,Critical
29.65,74.83,14.92,448.76,Warning
29.82,89.38,20.37,364.89,Critical
35.0,55.13,11.18,393.61,Critical
20.65,63.89,14.94,325.34,Warning
39.53,77.93,15.35,502.32,Critical
33.48,65.18,10.64,365.86,Safe
23.74,60.51,10.72,364.36,Safe
26.86,57.36,11.02,310.75,Safe
35.04,64.6,12.32,404.12,Critical
22.62,73.04,12.98,227.08,Warning
36.08,72.21,16.58,395.07,Critical
29.46,50.39,9.61,284.17,Warning
35.71,62.0,12.77,431.8,Safe
21.98,56.53,9.6,228.49,Safe
36.78,53.85,12.24,390.56,Safe
31.21,87.27,16.0,315.27,Warning
27.02,77.18,16.07,362.85,Critical
33.0,71.54,17.18,381.44,Warning
33.46,69.5,15.32,473.54,Safe
32.27,68.55,16.45,463.87,Warning
28.44,74.49,14.33,421.18,Safe
23.24,59.13,10.73,252.67,Safe
25.35,75.79,13.79,313.63,Safe
34.96,70.84,13.87,365.72,Warning
22.5,59.39,10.39,315.97,Safe
34.99,58.42,11.07,340.54,Warning
38.74,68.93,11.11,486.3,Critical
35.3,53.33,9.24,344.04,Warning
33.1,85.42,15.94,370.28,Critical
25.68,75.06,12.8,374.96,Warning
20.7,64.27,15.35,342.03,Warning
39.5,71.62,12.96,450.98,Critical
30.79,73.63,14.47,420.08,Warning
30.47,75.58,13.97,350.1,Critical
24.54,53.58,9.56,279.15,Safe
23.11,50.42,10.22,323.53,Safe
22.73,61.47,12.5,319.84,Safe
29.84,80.22,14.84,415.14,Safe
31.94,81.87,16.66,352.87,Warning
27.9,56.53,12.73,325.01,Safe
27.57,60.52,11.64,292.23,Safe
35.29,86.4,19.13,478.09,Critical
25.69,79.72,17.8,331.96,Critical
37.07,57.3,10.2,443.6,Critical
29.06,78.02,15.56,339.7,Warning
20.99,71.4,12.4,208.26,Warning
22.5,67.54,10.56,212.23,Safe
29.87,63.68,11.61,404.66,Warning
29.27,81.66,15.31,424.22,Warning
21.12,81.03,13.63,274.57,Warning
23.84,83.66,18.64,384.12,Critical
39.49,78.59,15.03,546.05,Critical
34.75,51.34,10.03,441.01,Critical
33.32,58.34,11.0,461.99,Safe
23.17,79.13,17.29,326.08,Critical
22.44,69.25,12.64,265.27,Safe
37.27,58.71,9.42,441.07,Safe
20.3,81.78,16.86,270.63,Critical
24.86,88.75,18.24,370.32,Critical
33.77,56.2,12.86,361.8,Warning
30.0,77.44,14.52,447.74,Critical
21.2,64.22,10.77,271.67,Safe
22.52,59.31,14.75,345.12,Safe
35.13,82.22,16.08,382.57,Critical
33.78,64.33,10.67,454.94,Safe
34.13,72.36,14.73,413.36,Critical
23.73,63.91,14.18,272.25,Safe
21.38,56.2,10.01,225.99,Safe
27.34,50.03,10.83,308.2,Safe
23.71,50.75,12.29,342.71,Safe
24.78,78.84,16.72,337.63,Critical
27.75,70.96,14.18,356.63,Warning
26.45,75.64,12.79,332.16,Warning
20.88,87.51,15.57,211.65,Warning
22.14,57.66,8.72,287.68,Safe
27.77,69.6,14.66,365.45,Safe
27.33,74.24,12.27,403.48,Safe
33.11,87.14,19.42,423.09,Critical
32.78,64.44,14.35,462.02,Safe
35.88,52.33,11.17,419.29,Critical
21.41,62.16,15.1,363.29,Safe
21.94,79.01,15.99,249.66,Warning
30.52,59.95,12.74,317.52,Warning
34.92,80.65,16.59,460.07,Critical
34.05,67.08,11.04,442.49,Critical
28.03,63.5,10.65,413.3,Warning
38.67,86.1,17.52,553.8,Critical
36.9,66.49,14.1,491.68,Safe
32.17,72.53,12.79,428.16,Critical
25.08,88.47,17.38,321.23,Critical
34.53,89.32,18.44,440.32,Critical
39.87,62.07,11.22,410.3,Safe
20.43,82.88,17.71,257.0,Critical
31.07,72.25,17.01,340.5,Warning
29.21,56.24,9.84,403.64,Safe
24.66,82.44,14.04,300.77,Warning
38.36,79.37,17.22,516.56,Critical
23.46,83.03,17.74,335.5,Critical
38.15,73.81,13.56,486.23,Critical
27.63,81.2,18.77,343.65,Critical
37.6,67.37,16.06,395.59,Critical
34.95,83.98,19.37,467.77,Critical
32.64,52.17,10.58,350.39,Critical
22.99,70.1,12.34,219.68,Warning
39.42,80.11,16.47,410.96,Critical
28.64,81.45,14.18,331.09,Warning
29.52,79.81,16.25,338.46,Warning
30.04,80.95,13.97,311.83,Critical
23.96,65.81,13.59,317.34,Safe
24.85,60.65,11.71,336.61,Safe
31.52,54.5,10.38,345.54,Safe
26.41,73.76,11.9,292.37,Warning
32.32,89.61,17.58,354.43,Critical
20.9,82.73,14.74,262.51,Warning
35.15,84.11,14.5,352.73,Critical
38.98,87.07,19.63,539.17,Critical
20.27,77.75,13.22,260.81,Warning
20.45,58.36,11.9,216.61,Safe
30.47,60.35,11.97,401.34,Safe
33.9,76.73,14.61,477.02,Critical
25.11,52.4,8.68,325.94,Safe
25.43,68.6,16.39,266.91,Critical
25.43,84.08,17.78,401.49,Critical
25.85,85.34,16.39,417.22,Critical
38.08,69.39,14.46,387.18,Warning
30.01,68.32,16.22,304.64,Warning
38.45,62.2,12.38,485.5,Warning
26.94,64.08,13.57,295.04,Warning
36.24,75.03,17.28,511.26,Critical
36.3,51.18,10.57,380.68,Warning
26.84,65.71,10.97,360.03,Safe
28.35,72.92,14.14,324.18,Warning
28.98,55.27,11.97,362.61,Safe
33.68,58.09,9.45,414.22,Critical
38.19,67.2,15.89,504.56,Critical
38.66,86.68,16.24,476.97,Critical
38.97,54.74,9.85,499.69,Critical
20.59,62.75,15.39,356.64,Safe
26.07,79.82,17.89,372.05,Critical
34.77,56.08,9.34,335.45,Warning
20.52,89.44,18.59,315.05,Critical
32.25,73.85,13.16,312.47,Warning
33.76,69.06,13.83,423.5,Critical
32.99,57.36,10.8,379.72,Warning
23.87,51.29,11.85,220.35,Safe
25.4,66.52,14.76,405.92,Safe
21.32,87.08,20.33,373.59,Critical
29.8,63.0,12.35,319.24,Warning
35.52,74.32,16.81,474.48,Warning
32.23,79.7,16.5,408.84,Critical
37.52,81.48,16.42,449.56,Critical
36.54,51.7,13.32,434.99,Safe
39.68,51.57,9.64,487.43,Warning
23.8,67.58,15.82,360.89,Warning
29.23,66.9,14.06,291.33,Safe
29.27,75.84,12.71,356.36,Warning
35.57,87.51,18.68,390.75,Critical
28.27,68.04,11.68,355.55,Safe
37.65,53.61,9.67,448.62,Critical
35.93,78.73,13.49,365.02,Critical
28.99,64.52,13.05,336.6,Safe
27.57,65.22,14.65,414.91,Safe
23.24,55.78,12.77,224.46,Safe
26.16,79.21,18.61,320.85,Critical
23.61,85.94,19.95,256.42,Critical
35.31,50.49,10.08,403.28,Warning
32.16,69.74,12.25,408.37,Safe
28.2,53.18,11.24,297.35,Safe
30.95,74.79,15.3,438.04,Safe
23.7,52.2,9.53,227.91,Safe
20.65,73.12,15.24,255.68,Safe
20.98,66.68,11.41,294.38,Safe
39.33,79.97,15.16,394.83,Warning
26.46,85.9,19.1,401.45,Critical
25.86,55.38,12.24,283.71,Safe
30.54,70.99,15.37,400.18,Safe
31.43,89.17,18.01,338.38,Warning
28.54,83.91,15.34,374.12,Warning
32.46,87.08,18.1,414.52,Critical
34.58,69.91,15.83,486.34,Warning
34.17,89.17,14.84,339.74,Critical
32.51,54.72,13.03,438.18,Safe
28.28,63.35,13.03,369.95,Safe
32.81,77.6,14.05,329.2,Warning
30.13,62.96,9.63,379.18,Warning
27.92,72.76,17.31,418.88,Warning
26.61,63.52,13.74,401.39,Safe
32.91,69.26,14.62,464.93,Critical
37.92,68.5,15.58,525.55,Warning
36.7,61.97,13.74,406.18,Critical
20.37,73.1,13.61,338.34,Warning
21.32,55.97,13.24,253.66,Safe
27.5,71.37,12.27,353.26,Safe
31.9,84.58,18.43,443.99,Warning
34.2,60.86,9.69,450.78,Safe
29.04,88.03,15.9,338.27,Warning
27.48,51.5,8.51,252.17,Safe
30.12,81.96,18.82,339.95,Warning
38.47,79.3,16.0,508.79,Critical
35.39,53.93,13.68,424.88,Warning
24.1,51.46,9.62,347.47,Safe
22.32,62.44,9.75,327.65,Safe
37.44,63.33,15.0,385.9,Critical
34.91,50.9,11.73,429.97,Warning
26.42,57.7,10.2,286.26,Safe
28.82,54.71,8.84,296.18,Safe
20.31,74.92,15.07,231.5,Warning
30.99,60.84,14.83,432.69,Safe
23.43,62.46,14.85,315.04,Safe
21.01,51.16,12.65,201.42,Safe
27.67,53.44,10.04,359.65,Safe
37.83,75.18,16.18,450.53,Critical
27.11,63.29,10.85,366.69,Safe
39.47,80.23,15.84,414.99,Warning
21.95,62.42,13.35,328.89,Safe
29.41,87.9,15.44,434.61,Safe
38.26,65.68,14.33,480.68,Safe
29.07,51.21,10.09,317.38,Warning
36.92,61.29,11.35,437.9,Critical
22.06,82.7,18.32,284.34,Critical
32.99,81.7,16.54,396.73,Critical
28.27,74.83,15.25,434.77,Warning
21.32,58.33,12.83,266.33,Safe
39.6,72.69,13.59,495.01,Warning
33.25,53.12,13.21,410.42,Safe
22.29,73.84,13.72,227.12,Warning
23.52,88.24,15.07,247.95,Warning
36.28,80.85,15.44,439.09,Critical
21.81,82.68,18.86,376.92,Critical
32.72,50.01,7.88,310.47,Critical
25.83,74.62,14.61,284.26,Warning
25.99,81.77,17.43,414.01,Warning
34.36,86.6,20.26,458.14,Critical
32.23,70.42,16.17,459.55,Critical
27.38,71.96,11.71,364.89,Warning
22.19,61.29,9.45,258.22,Safe
31.8,75.01,16.27,384.32,Warning
30.9,76.5,15.15,334.87,Safe
36.87,64.41,12.39,396.81,Critical
22.51,50.46,10.98,223.04,Safe
37.7,76.32,18.11,409.27,Critical
22.74,82.24,18.61,383.42,Warning
32.46,68.18,13.18,441.71,Safe
27.11,57.43,12.11,344.12,Safe
36.94,59.47,11.9,414.63,Critical
31.53,51.34,7.5,350.12,Warning
22.26,69.26,14.99,240.28,Warning
29.3,53.13,12.97,292.0,Warning
32.61,76.55,16.32,437.15,Critical
30.78,73.19,15.32,448.97,Safe
29.38,70.51,13.92,400.81,Warning
27.06,89.11,16.59,300.35,Critical
33.9,73.91,13.61,452.65,Safe
21.23,68.93,11.8,199.56,Warning
36.18,74.97,13.71,363.55,Critical
21.54,81.35,14.78,307.83,Warning
25.5,60.28,13.5,339.11,Safe
38.2,79.56,16.87,445.51,Critical
23.51,81.3,14.68,257.43,Warning
30.55,51.32,13.17,446.13,Safe
36.75,80.11,15.5,426.31,Warning
34.52,56.69,11.8,458.89,Warning
32.85,80.22,13.74,344.02,Warning
29.52,69.05,16.5,445.29,Warning
27.6,78.22,15.49,296.67,Warning
37.41,50.47,12.66,429.21,Critical
26.31,71.21,16.98,283.58,Critical
32.75,88.25,17.24,480.59,Critical
37.17,63.4,11.28,363.82,Critical
31.68,68.44,14.74,349.19,Safe
30.4,77.11,18.38,366.02,Critical
33.46,83.27,13.73,338.88,Critical
22.08,67.84,11.88,245.53,Safe
20.68,74.78,12.3,283.36,Safe
39.01,75.52,16.35,411.05,Critical
37.13,55.2,11.98,495.18,Critical
36.06,57.39,9.14,355.78,Warning
25.89,76.42,12.74,315.15,Safe
35.39,77.69,16.54,479.82,Critical
25.15,81.23,14.91,256.03,Warning
27.77,89.84,16.52,410.35,Critical
28.81,69.67,16.51,388.3,Warning
32.91,54.34,11.11,373.65,Critical
32.87,86.5,18.59,358.18,Critical
21.46,72.85,13.07,271.29,Warning
22.98,75.61,17.72,344.74,Warning
23.03,63.19,11.99,210.84,Warning
29.56,66.16,14.6,418.56,Safe
30.8,50.13,12.75,422.63,Warning
22.42,71.41,17.23,283.7,Safe
28.01,75.29,17.81,303.66,Warning
21.61,68.39,15.28,316.15,Safe
31.09,88.7,18.7,372.22,Warning
37.93,75.22,14.2,383.88,Warning
34.71,55.6,9.28,428.66,Critical
24.77,65.55,14.87,345.0,Warning
30.68,83.37,16.37,467.98,Critical
26.79,63.51,14.03,322.93,Safe
36.14,76.69,15.09,465.34,Critical
34.82,59.32,9.3,432.37,Safe
33.08,68.85,16.28,339.53,Critical
20.29,75.31,17.49,341.67,Critical
29.12,56.83,11.91,401.6,Safe
22.28,73.8,15.45,230.15,Safe
28.52,82.46,19.39,410.69,Warning
22.42,77.36,15.75,274.4,Warning
39.29,58.53,8.98,385.55,Warning
22.41,55.65,10.62,308.61,Safe
31.07,67.55,16.06,317.51,Warning
35.82,75.29,14.31,374.99,Warning
21.61,50.29,12.61,312.23,Safe
31.87,61.35,13.43,432.61,Warning
33.85,58.25,12.49,404.64,Safe
24.79,56.98,12.55,326.05,Safe
34.34,74.48,12.42,457.74,Safe
26.96,50.18,8.45,250.65,Safe
30.6,53.83,9.94,397.48,Safe
29.28,75.06,13.26,287.59,Warning
35.93,77.41,18.29,446.66,Critical
23.53,76.81,12.62,321.58,Safe
24.19,60.06,12.71,367.86,Safe
29.06,54.18,8.15,337.33,Safe
35.71,69.4,11.58,478.21,Critical
28.9,73.19,14.15,399.28,Warning
24.6,54.41,9.25,250.19,Safe
28.25,58.0,13.95,284.01,Safe
31.7,52.17,10.05,321.84,Warning
23.56,64.94,12.73,250.31,Warning
39.51,58.09,9.38,472.75,Warning
25.61,54.44,10.68,296.42,Safe
35.21,58.79,10.53,349.84,Warning
35.89,88.11,20.06,471.7,Critical
31.06,59.19,11.31,370.63,Safe
31.83,83.48,15.37,431.95,Critical
37.45,59.91,11.59,388.04,Critical
38.93,86.55,19.7,474.64,Critical
20.88,89.65,19.33,306.12,Critical
28.51,65.77,15.01,391.61,Safe
29.05,59.62,12.27,273.84,Warning
39.0,55.31,9.84,462.82,Warning
20.32,76.76,13.32,263.29,Critical
34.95,50.98,9.93,442.64,Critical
28.11,81.59,15.54,353.09,Warning
32.67,84.42,14.31,461.2,Warning
30.62,61.86,13.89,407.34,Safe
35.75,53.24,12.93,459.87,Warning
30.29,86.4,16.46,313.45,Warning
27.31,74.77,14.15,291.89,Safe
31.22,80.94,14.02,355.89,Critical
22.27,69.14,16.46,317.82,Critical
24.2,79.8,14.31,289.98,Warning
25.35,77.21,14.1,254.14,Warning
26.9,69.45,14.05,278.88,Warning
29.04,64.73,13.99,391.27,Safe
23.77,85.36,14.6,293.21,Warning
23.58,88.33,15.13,257.81,Warning
22.24,55.92,9.09,220.53,Safe
39.04,50.91,9.68,467.98,Warning
29.48,66.81,14.79,292.19,Safe
21.26,84.87,15.37,361.04,Warning
32.89,66.47,12.35,414.02,Safe
29.72,76.63,15.51,382.5,Safe
26.08,55.28,12.79,272.23,Safe
25.2,69.37,16.7,378.66,Warning
22.97,61.38,15.01,323.73,Safe
23.22,71.41,12.38,242.16,Safe
23.23,54.68,13.9,313.72,Safe
28.82,64.79,11.19,377.29,Warning
39.56,55.92,10.87,526.02,Critical
26.03,86.82,16.79,344.16,Critical
22.91,68.32,12.59,212.74,Warning
32.94,61.82,14.74,478.24,Critical
33.34,81.98,17.77,489.82,Critical
26.77,54.49,10.77,247.96,Safe
33.56,54.68,8.08,394.8,Warning
28.92,53.7,8.07,352.16,Safe
31.67,58.89,14.39,353.12,Safe
21.67,83.98,17.86,379.22,Critical
39.52,65.78,13.1,477.21,Critical
38.87,86.34,16.43,414.52,Critical
37.08,64.79,12.19,397.29,Safe
26.16,67.82,13.93,285.76,Warning
34.83,66.62,12.98,359.41,Critical
39.41,66.95,15.77,415.28,Critical
31.96,55.75,9.97,447.59,Warning
21.32,88.4,19.22,243.45,Critical
28.19,86.58,16.8,374.83,Critical
34.2,80.21,13.86,361.06,Critical
27.64,72.15,11.68,387.0,Warning
29.88,79.59,14.27,416.75,Warning
25.25,88.24,19.65,346.36,Critical
33.08,85.71,16.64,412.7,Critical
33.76,59.79,9.67,350.3,Warning
39.89,52.67,12.01,471.92,Critical
28.72,60.32,13.18,428.98,Safe
27.46,79.32,12.97,300.98,Warning
31.63,55.85,10.94,401.93,Warning
23.27,60.91,11.7,357.14,Safe
27.12,61.59,12.5,403.51,Safe
35.33,57.33,9.03,438.87,Critical
26.45,62.65,14.6,385.48,Warning
33.71,77.53,13.08,415.31,Critical
20.26,70.73,13.38,267.08,Warning
38.42,56.52,9.61,432.79,Warning
35.9,72.35,15.61,509.45,Critical
34.25,78.09,17.43,416.43,Critical
38.32,54.66,8.72,349.58,Warning
26.96,77.64,13.36,327.11,Warning
39.75,70.92,17.0,430.05,Warning
20.58,82.58,14.85,337.14,Warning
22.85,59.06,9.56,217.13,Safe
21.57,77.63,17.23,234.29,Critical
35.49,80.29,13.31,358.7,Critical
35.86,70.54,11.46,354.93,Safe
20.87,62.07,9.48,191.54,Safe
22.48,74.07,15.34,253.5,Warning
20.59,55.82,12.64,233.48,Safe
31.6,64.09,14.95,435.68,Safe
30.1,52.73,12.46,405.42,Safe
34.32,88.57,15.74,462.54,Critical
39.47,53.95,9.07,440.72,Critical
29.49,77.93,13.7,391.16,Warning
23.62,64.19,12.12,251.08,Safe
28.15,80.46,14.98,350.94,Warning
30.39,69.83,13.13,335.67,Safe
21.64,69.75,13.26,275.81,Warning
33.74,83.64,15.08,397.97,Warning
23.78,52.78,12.6,296.91,Safe
33.58,57.17,14.43,406.61,Warning
27.93,70.91,15.24,294.57,Warning
28.01,73.62,12.33,409.8,Safe
21.29,89.01,16.83,312.24,Critical
39.81,54.91,13.01,499.18,Safe
35.3,80.64,16.69,477.46,Critical
36.02,87.73,16.68,470.27,Critical
39.0,89.5,17.97,423.43,Critical
29.09,54.89,10.91,302.38,Safe
20.59,79.51,17.88,295.0,Critical
20.53,57.16,12.06,237.91,Safe
26.06,74.93,16.55,369.12,Critical
35.35,81.71,14.55,452.18,Warning
30.1,71.7,16.2,388.48,Warning
39.05,51.26,9.83,506.04,Safe
29.0,84.11,16.48,298.16,Critical
23.54,76.38,16.95,381.7,Critical
29.83,55.38,12.37,358.14,Safe
31.38,69.62,14.25,391.35,Warning
29.52,84.17,16.87,362.17,Warning
31.82,65.11,14.08,431.24,Warning
26.41,51.13,7.5,355.51,Safe
26.98,79.68,13.1,397.91,Safe
27.61,67.13,16.38,343.91,Warning
33.22,59.9,12.87,411.36,Critical
21.31,62.2,11.47,193.6,Safe
26.52,68.44,15.87,355.44,Warning
25.33,77.84,16.1,411.52,Warning
31.41,62.9,10.17,363.09,Safe
26.72,70.11,15.61,319.58,Warning
27.27,67.44,13.47,395.62,Safe
36.81,71.43,13.01,360.76,Critical
28.04,59.04,13.27,281.46,Safe
36.88,53.79,9.78,348.46,Warning
36.02,69.01,12.06,467.8,Critical
36.47,70.19,12.84,455.05,Safe
24.0,66.09,13.97,302.37,Safe
37.62,75.11,15.12,401.65,Warning
24.26,88.48,19.15,333.12,Critical
38.74,71.31,14.95,505.21,Safe
38.69,79.06,13.17,404.85,Warning
22.95,56.02,12.32,259.14,Safe
28.71,62.75,14.53,290.06,Safe
24.07,66.5,15.24,340.27,Warning
33.74,59.45,10.32,332.99,Warning
20.55,81.88,15.24,279.36,Warning
39.83,66.88,15.81,429.67,Safe
22.73,60.34,13.89,322.14,Safe
23.52,84.1,19.6,330.93,Critical
20.4,84.38,14.38,292.16,Warning
37.34,86.02,16.65,434.8,Critical
33.15,53.61,13.38,434.28,Warning
24.72,72.84,14.57,259.35,Warning
29.93,53.61,11.32,399.61,Warning
26.59,73.37,14.01,375.69,Safe
38.71,58.72,9.38,388.26,Safe
28.79,60.17,12.57,349.21,Safe
27.49,87.95,16.49,345.16,Critical
33.65,88.53,19.98,506.32,Critical
27.26,78.63,17.65,284.22,Critical
39.34,74.23,16.89,503.81,Critical
33.81,81.55,14.75,420.29,Warning
32.78,78.02,18.02,447.54,Critical
30.7,59.46,11.55,286.01,Warning
38.55,86.72,16.15,536.06,Critical
35.13,61.9,14.54,369.64,Warning
28.78,62.69,14.41,382.96,Safe
25.48,53.2,12.32,315.07,Safe
34.74,87.06,16.41,417.03,Critical
38.37,54.02,8.77,389.31,Warning
27.04,74.08,16.7,391.95,Safe
33.9,80.48,16.94,373.1,Critical
28.87,75.64,12.15,301.46,Safe
26.27,53.29,8.6,308.32,Safe
39.39,83.22,18.22,540.51,Critical
33.72,81.71,15.26,410.04,Critical
25.21,77.5,17.46,387.32,Critical
21.69,64.7,12.3,258.77,Safe
20.41,50.92,10.54,274.72,Safe
24.57,53.56,10.49,260.04,Safe
37.04,51.99,11.11,442.01,Warning
21.78,64.72,15.63,234.73,Warning
35.47,87.13,19.39,450.71,Critical
24.49,58.13,14.3,366.55,Safe
25.32,79.86,15.26,318.51,Warning
24.13,58.62,13.67,345.92,Safe
23.79,57.21,13.2,228.5,Safe
39.52,59.42,11.59,412.88,Critical
33.69,68.33,10.73,331.86,Safe
39.49,65.9,11.45,433.51,Safe
34.72,60.25,9.62,324.7,Warning
26.66,59.39,14.33,417.73,Safe
20.11,70.18,13.32,344.1,Warning
22.64,85.69,14.38,247.0,Warning
23.4,69.71,12.98,293.79,Safe
26.35,71.22,12.09,262.64,Safe
39.57,69.97,16.83,444.81,Warning
38.52,61.32,14.53,475.92,Safe
30.34,67.43,11.48,398.7,Warning
35.27,56.05,13.33,444.54,Safe
21.06,55.94,9.57,184.19,Safe
25.2,78.24,15.27,407.58,Safe
20.82,64.26,14.11,276.38,Warning
22.25,78.79,13.65,266.69,Warning
24.07,61.36,14.28,352.09,Safe
36.45,72.53,15.48,395.88,Warning
30.52,72.83,14.06,307.79,Warning
33.54,85.49,14.25,435.66,Critical
27.88,73.61,17.43,419.87,Warning
20.58,68.41,14.93,277.23,Warning
31.88,50.23,12.86,408.09,Warning
26.5,79.26,17.26,424.48,Critical
24.23,51.95,11.25,270.26,Safe
21.11,52.83,13.28,258.52,Safe
27.98,57.12,14.21,409.33,Safe
20.41,58.33,11.0,243.48,Safe
32.94,88.18,15.56,374.97,Warning
34.72,86.87,19.8,462.76,Critical
27.18,53.84,9.97,273.63,Safe
28.91,65.52,11.71,363.7,Safe
35.13,82.44,17.17,426.61,Critical
28.52,51.62,9.37,326.21,Safe
24.48,77.45,13.42,311.15,Warning
32.59,70.99,12.94,380.58,Safe
26.01,89.37,18.98,323.07,Critical
24.97,67.11,13.83,327.01,Safe
30.27,70.43,13.56,364.85,Warning
27.11,73.42,16.3,275.2,Critical
33.23,57.18,9.53,362.82,Warning
21.67,85.07,15.8,309.65,Warning
29.1,76.81,16.1,333.91,Critical
24.22,53.13,13.52,271.29,Safe
33.47,67.35,10.58,370.79,Warning
23.43,69.08,14.97,368.15,Warning
26.06,82.53,17.21,377.16,Critical
39.26,77.0,17.23,412.77,Critical
22.7,57.63,13.42,325.47,Safe
23.76,51.07,10.1,231.32,Safe
24.84,83.68,18.89,349.02,Critical
21.72,80.79,14.05,274.95,Warning
22.33,86.1,18.65,307.79,Critical
29.7,50.79,9.86,305.12,Warning
31.39,83.35,13.98,305.06,Critical
36.95,67.27,12.95,433.56,Critical
31.92,72.17,13.18,383.1,Warning
30.27,78.98,18.41,459.56,Warning
24.64,52.43,7.6,296.62,Safe
31.07,60.71,13.03,438.11,Safe
29.9,87.56,16.59,413.55,Critical
23.23,79.05,15.63,300.55,Warning
30.15,73.51,15.81,448.03,Warning
22.62,61.74,13.62,367.87,Safe
36.66,76.92,16.79,497.91,Critical
36.0,83.78,17.49,412.64,Critical
34.99,76.68,13.11,367.37,Warning
22.02,66.64,16.29,270.23,Warning
31.14,89.97,17.15,358.88,Critical
23.49,84.38,16.9,368.49,Critical
26.75,54.56,9.27,323.77,Safe
29.73,89.75,19.66,438.7,Warning
37.93,84.14,19.07,491.34,Critical
22.08,52.02,13.08,334.04,Safe
39.25,80.23,18.89,532.01,Critical
32.19,84.34,14.48,404.3,Critical
23.34,54.72,9.18,257.16,Safe
34.57,78.33,17.24,431.64,Critical
37.41,56.17,10.42,477.27,Warning
36.97,67.56,13.01,477.8,Warning
36.7,68.95,12.51,376.95,Safe
27.45,80.19,15.2,376.9,Warning
23.03,80.14,15.56,264.61,Warning
36.04,66.54,12.76,417.6,Critical
35.89,64.47,10.07,352.54,Warning
34.35,70.69,11.56,375.43,Safe
39.64,56.57,8.68,481.27,Critical
38.45,56.04,11.66,519.24,Critical
35.98,85.03,19.84,446.09,Critical
37.72,78.03,17.85,501.9,Critical
26.27,63.77,14.72,400.33,Safe
34.01,67.85,11.8,406.21,Critical
33.04,77.9,17.91,465.0,Critical
28.09,57.89,10.39,258.77,Safe
26.69,79.0,17.24,293.26,Critical
39.84,61.36,9.83,455.84,Critical
26.81,75.43,12.23,391.7,Critical
31.85,59.65,13.57,422.59,Safe
34.64,83.66,15.29,424.05,Critical
20.95,76.04,12.96,241.97,Critical
20.1,63.56,11.13,295.97,Safe
27.01,61.38,13.98,374.38,Safe
33.45,78.57,15.83,373.27,Critical
26.56,73.29,16.6,326.4,Warning
22.93,67.03,12.88,228.46,Warning
37.77,69.05,13.49,424.24,Critical
28.06,72.36,16.14,420.82,Critical
29.98,66.94,13.03,433.92,Warning
34.63,66.68,11.31,403.78,Safe
34.22,55.18,12.26,461.62,Warning
33.89,68.22,10.84,338.19,Critical
27.39,88.07,18.22,350.38,Critical
22.42,72.87,11.82,227.83,Warning
26.1,64.98,11.76,244.28,Safe
22.84,73.58,12.01,351.53,Warning
24.31,82.77,16.49,265.12,Critical
26.97,84.82,16.47,363.74,Critical
31.32,86.01,18.89,403.69,Critical
35.24,70.19,13.8,413.39,Safe
22.98,79.11,13.36,316.56,Warning
32.47,65.49,15.5,376.44,Warning
39.16,85.6,18.54,507.65,Critical
37.32,78.29,16.09,501.04,Critical
34.15,72.44,12.23,412.15,Warning
39.1,71.67,15.88,543.57,Critical
23.79,69.03,16.19,258.1,Critical
23.59,50.76,11.87,254.5,Safe
34.11,85.51,16.77,474.06,Critical
32.14,66.07,10.48,431.72,Warning
26.8,57.22,8.59,315.41,Safe
27.64,53.64,13.61,351.13,Safe
25.71,57.31,13.07,267.13,Safe
39.04,77.14,12.78,528.08,Critical
20.54,52.34,9.81,225.66,Safe
28.26,62.97,11.85,394.29,Safe
21.04,59.58,12.5,230.74,Safe
30.17,70.18,16.73,348.44,Safe
29.3,66.28,13.16,344.0,Safe
38.27,50.74,10.47,448.84,Warning
24.93,72.19,16.15,298.79,Safe
28.92,83.85,16.77,418.31,Critical
27.47,89.41,19.57,378.56,Critical
28.48,86.46,17.0,289.96,Critical
29.29,83.17,15.37,445.28,Warning
21.2,86.87,16.01,252.19,Critical
33.6,89.97,20.05,390.29,Critical
36.81,61.25,10.22,424.65,Warning
26.01,65.81,10.9,256.94,Warning
37.57,58.43,11.71,482.58,Critical
38.91,75.41,17.96,512.14,Critical
25.46,76.49,14.23,279.45,Critical
26.57,86.56,15.11,408.81,Critical
29.53,86.06,18.25,372.66,Warning
35.25,71.53,16.03,456.51,Critical
30.77,85.7,19.04,394.13,Critical
27.06,82.51,18.47,340.22,Critical
23.54,80.72,17.33,243.4,Critical
29.25,87.45,17.16,333.74,Critical
35.17,77.22,16.7,385.84,Critical
36.33,75.01,16.85,402.93,Critical
39.6,88.69,14.96,469.65,Critical
20.14,89.37,18.7,232.65,Critical
25.55,70.01,12.02,266.6,Safe
21.31,55.13,8.42,216.74,Safe
31.4,59.12,11.96,418.96,Safe
36.95,50.92,13.0,462.94,Critical
25.06,72.4,14.2,391.66,Safe
37.08,62.92,14.65,429.15,Warning
33.6,68.66,12.9,441.94,Critical
24.49,61.12,11.74,295.42,Safe
20.1,57.78,9.05,257.74,Safe
20.51,79.5,18.77,286.76,Critical
21.49,60.0,9.99,234.58,Safe
32.52,53.87,10.65,427.74,Critical
35.94,87.4,19.52,416.54,Critical
29.47,88.35,19.67,444.51,Critical
38.87,81.03,16.92,515.56,Critical
32.51,73.16,12.15,315.56,Warning
27.55,85.6,18.28,412.12,Critical
38.38,67.68,12.34,465.69,Warning
22.04,52.23,7.76,315.19,Safe
28.03,74.69,14.4,410.63,Safe
29.07,68.57,13.28,376.33,Safe
26.79,87.5,19.2,356.55,Critical
26.56,57.7,9.16,326.63,Safe
21.35,81.58,14.48,297.61,Warning
32.75,60.25,11.58,421.34,Safe
23.72,55.51,8.37,219.48,Safe
31.69,70.53,15.02,369.24,Safe
22.95,62.35,11.53,266.16,Safe
20.16,73.46,15.76,209.57,Safe
28.44,57.82,9.77,398.61,Safe
26.83,76.71,16.51,427.96,Warning
37.04,72.64,13.54,406.04,Safe
23.25,68.17,15.37,236.1,Safe
38.4,75.55,16.27,460.0,Critical
24.26,69.23,15.46,370.24,Warning
24.11,57.37,14.41,291.2,Safe
21.47,51.2,7.93,220.84,Safe
23.89,73.43,16.28,247.32,Warning
23.98,61.36,10.59,254.67,Safe
23.49,83.9,15.26,262.56,Warning
23.52,60.47,9.7,336.73,Safe
22.74,76.19,17.55,289.29,Critical
26.1,59.61,13.78,355.65,Safe
38.82,89.08,20.8,553.27,Critical
37.57,52.62,8.39,485.51,Warning
23.83,65.13,12.27,315.58,Safe
38.42,80.52,16.63,524.06,Critical
25.88,55.94,9.67,327.86,Safe
25.6,55.06,11.06,324.75,Safe
29.78,79.09,17.53,432.01,Critical
23.35,65.52,15.4,350.68,Warning
29.97,68.57,12.64,342.72,Warning
34.31,69.79,12.57,390.1,Critical
32.99,58.29,14.03,392.38,Warning
27.92,62.24,14.78,364.52,Safe
38.71,64.96,13.3,395.09,Warning
25.9,70.75,12.53,248.23,Warning
28.52,68.7,13.19,399.87,Warning
25.46,50.99,9.85,266.35,Safe
21.52,86.06,15.98,295.38,Warning
30.93,53.13,9.28,312.14,Safe
21.43,51.53,8.51,208.31,Safe
26.58,62.11,14.32,366.77,Safe
25.49,78.23,18.63,427.79,Warning
20.17,61.98,14.33,318.65,Safe
28.08,66.23,13.73,374.3,Warning
33.08,89.57,20.62,492.37,Critical
24.55,78.93,14.05,273.15,Warning
31.74,72.1,14.23,438.85,Warning
35.84,62.52,10.63,454.77,Critical
28.35,67.55,15.63,286.47,Safe
31.55,55.13,13.69,305.5,Warning
26.8,66.77,14.47,324.89,Warning
26.52,50.93,11.9,392.24,Safe
39.54,89.77,18.36,535.06,Critical
38.28,72.96,13.94,433.51,Safe
21.27,65.46,12.94,250.01,Warning
32.78,62.19,10.47,408.13,Warning
20.64,77.56,15.44,233.47,Warning
21.39,88.52,16.41,253.24,Critical
33.19,52.8,7.9,374.37,Warning
23.44,84.39,16.34,261.23,Critical
22.21,71.46,14.16,223.9,Safe
22.6,58.23,11.24,315.75,Safe
29.5,74.15,17.46,396.3,Critical
34.34,68.36,11.88,481.37,Safe
21.28,65.97,15.04,292.14,Warning
29.2,73.05,16.03,338.22,Safe
26.94,83.71,18.5,344.47,Critical
36.47,83.99,16.29,394.88,Critical
32.35,67.28,12.76,412.75,Critical
31.37,65.74,15.82,351.15,Safe
25.48,75.12,13.78,390.31,Critical
34.53,86.09,19.67,429.45,Critical
35.24,54.85,10.18,444.16,Critical
35.33,63.04,12.31,375.29,Critical
20.89,51.07,11.05,292.25,Safe
29.24,63.75,12.15,304.25,Safe
20.21,54.59,13.42,241.54,Safe
34.97,69.39,11.29,413.9,Warning
34.27,67.51,13.33,374.01,Warning
23.41,50.72,7.75,239.91,Safe
30.69,65.63,10.59,402.02,Warning
23.07,64.32,11.16,212.01,Safe
28.84,51.91,11.19,348.01,Safe
33.25,76.4,12.9,427.46,Warning
21.05,50.19,11.67,311.59,Safe
38.58,64.99,11.43,377.57,Safe
20.56,50.58,12.04,294.59,Safe
21.26,88.35,15.25,342.51,Warning
33.28,78.96,13.06,400.1,Warning
26.45,75.07,15.76,412.79,Safe
38.78,54.83,9.25,411.1,Warning
20.3,76.16,12.3,218.54,Warning
21.32,82.6,17.42,279.34,Critical
21.35,58.74,10.56,282.12,Safe
39.66,54.07,11.03,530.24,Critical
23.43,88.36,18.27,402.68,Warning
33.56,88.89,18.94,403.43,Critical
32.71,85.36,15.98,463.25,Warning
21.35,50.71,12.61,268.38,Safe
30.22,79.67,15.95,414.69,Warning
24.65,74.65,17.31,302.47,Critical
28.57,59.74,9.42,274.81,Safe
29.97,58.08,10.87,376.78,Safe
38.47,73.92,17.46,510.28,Warning
22.69,62.7,14.26,224.54,Safe
35.84,66.6,15.2,474.49,Warning
36.94,63.25,11.1,431.19,Critical
39.77,82.06,17.59,441.24,Critical
37.45,70.86,12.27,456.62,Warning
37.4,52.8,8.71,439.05,Warning
38.77,55.02,9.05,440.77,Warning
24.73,53.13,11.98,277.03,Safe
34.43,59.8,10.02,354.24,Warning
25.71,67.93,14.4,292.6,Warning
21.6,88.9,17.17,248.69,Critical
28.83,70.21,15.45,407.2,Warning
20.4,65.26,15.18,321.32,Warning
31.9,56.11,12.58,343.07,Warning
26.12,61.33,12.64,321.34,Safe
26.66,78.59,13.89,402.63,Warning
20.26,70.03,15.36,278.03,Warning
38.81,88.82,17.0,471.43,Critical
32.82,73.53,14.16,325.21,Warning
27.7,72.62,12.69,330.26,Warning
35.43,80.06,15.1,463.26,Warning
33.93,76.04,17.77,465.86,Critical
24.85,51.38,12.15,330.2,Safe
33.53,77.9,16.45,379.36,Critical
29.11,77.24,13.97,377.29,Critical
36.83,50.49,11.72,450.0,Safe
27.95,73.45,17.1,367.97,Warning
37.52,56.63,10.89,460.34,Critical
39.35,76.34,14.56,435.58,Warning
35.05,86.97,19.61,386.03,Critical
31.45,81.9,18.27,368.89,Critical
38.6,65.92,12.03,524.07,Safe
20.03,52.79,11.74,262.99,Safe
33.09,79.32,13.89,380.29,Critical
23.96,57.28,14.15,302.46,Safe
36.29,57.43,8.84,356.34,Warning
35.18,60.37,14.49,409.66,Critical
38.26,54.37,11.69,373.82,Warning
21.71,54.99,8.38,183.75,Safe
24.7,69.41,15.45,245.77,Warning
35.04,50.29,10.55,481.17,Warning
24.22,81.67,15.59,323.36,Warning
39.24,60.63,12.04,493.71,Critical
28.59,64.83,15.31,442.36,Safe
38.82,76.6,14.59,390.31,Warning
37.46,82.25,13.47,501.24,Warning
34.5,85.52,14.94,436.01,Warning
39.02,80.06,14.5,455.01,Warning
30.3,76.41,12.3,386.59,Safe
20.33,64.41,10.16,303.31,Warning
33.56,59.34,11.78,432.77,Warning
26.97,87.56,20.16,366.68,Critical
33.17,77.98,13.2,379.28,Critical
32.14,78.48,17.92,471.2,Critical
35.7,78.67,12.92,421.27,Critical
26.03,76.92,15.68,398.67,Warning
37.93,88.2,17.53,473.46,Critical
24.87,56.82,14.03,350.84,Safe
22.11,89.73,15.12,365.34,Warning
26.53,65.34,11.75,359.12,Warning
39.03,76.82,16.36,539.74,Critical
32.67,69.68,15.71,378.5,Warning
38.64,80.65,16.73,493.09,Critical
27.54,78.7,17.16,342.26,Critical
32.84,72.48,16.63,460.9,Critical
25.18,61.64,10.0,276.24,Safe
31.84,57.53,14.16,400.85,Safe
37.07,88.16,18.09,381.42,Critical
21.24,71.42,16.37,371.03,Safe
35.43,81.9,18.98,389.41,Critical
33.27,73.63,12.37,316.02,Safe
26.32,82.65,15.31,294.77,Warning
33.6,55.9,9.88,424.93,Critical
20.69,62.81,12.58,299.98,Safe
25.47,83.91,17.23,361.82,Critical
24.31,61.66,15.13,248.16,Safe
36.2,56.11,12.52,480.29,Warning
34.01,52.1,12.61,351.79,Warning
29.75,65.67,16.04,403.18,Warning
39.82,71.92,13.41,493.71,Safe
35.15,65.64,13.3,383.29,Critical
38.46,78.04,15.9,399.67,Warning
35.05,73.22,16.47,488.82,Warning
29.15,56.55,9.14,368.55,Warning
37.94,58.39,13.5,398.2,Critical
20.18,79.04,16.26,311.63,Critical
39.77,55.9,13.88,455.44,Warning
38.52,53.84,13.61,401.99,Warning
22.35,70.62,13.15,278.66,Safe
32.54,66.16,10.44,336.14,Safe
26.05,73.85,12.8,363.73,Safe
35.55,84.6,17.82,408.63,Critical
33.06,64.69,10.66,317.12,Safe
32.83,86.34,15.62,420.3,Warning
25.47,79.81,17.73,292.33,Critical
29.68,75.78,14.76,382.03,Warning
26.5,78.55,17.88,360.4,Critical
28.11,78.03,14.97,406.74,Critical
29.77,70.76,14.66,405.2,Safe
35.07,58.3,12.61,352.52,Warning
37.24,77.81,12.59,426.91,Warning
22.46,55.15,9.27,216.74,Safe
31.25,84.06,14.02,459.39,Critical
25.97,88.65,15.76,414.84,Critical
20.0,62.02,15.08,278.51,Safe
35.66,76.37,14.94,443.63,Warning
30.45,89.44,17.0,395.61,Critical
33.76,76.5,12.57,326.33,Critical
25.99,83.31,19.41,373.29,Critical
24.32,64.36,10.64,315.97,Safe
31.0,60.43,12.98,321.03,Warning
21.67,60.17,11.59,305.77,Safe
30.72,52.82,11.96,446.26,Safe
34.29,72.55,15.4,421.73,Warning
28.39,56.14,14.18,344.18,Safe
20.52,74.14,12.29,206.59,Safe
33.68,66.27,12.23,332.19,Safe
35.56,55.85,12.96,384.18,Warning
27.54,88.75,17.02,297.3,Critical
38.51,57.03,12.78,418.05,Safe
21.91,63.96,13.22,250.32,Warning
32.15,85.86,15.2,468.94,Warning
23.61,82.24,17.51,369.85,Critical
31.03,85.28,16.47,407.42,Warning
20.19,70.54,12.04,202.32,Warning
31.35,60.69,14.65,409.02,Warning
34.15,59.96,12.64,437.79,Warning
28.78,64.16,12.64,316.89,Warning
30.41,78.74,18.29,352.15,Critical
38.95,66.26,12.13,384.57,Warning
21.53,59.6,9.48,274.75,Safe
21.69,61.43,14.86,340.54,Safe
20.21,87.94,18.65,364.54,Critical
22.73,69.91,15.09,331.03,Safe
28.11,74.65,17.4,407.45,Critical
28.5,71.37,13.34,430.78,Safe
32.15,88.59,18.77,476.46,Critical
30.47,59.0,9.25,405.26,Warning
39.05,66.91,12.66,433.53,Warning
26.76,77.16,17.42,410.82,Critical
25.8,69.32,12.45,240.61,Warning
24.35,62.19,15.04,341.58,Safe
36.51,51.42,10.06,434.24,Safe
21.15,50.24,9.81,228.29,Safe
22.14,63.99,14.13,276.38,Safe
22.03,69.68,11.44,279.79,Safe
28.21,86.52,14.35,396.96,Safe
24.52,65.81,11.96,293.53,Safe
30.73,60.78,15.09,407.75,Warning
23.24,64.15,12.43,272.03,Safe
22.21,61.4,10.08,259.87,Safe
26.62,51.26,11.25,394.19,Warning
22.38,69.56,13.89,322.33,Safe
26.5,80.58,18.41,357.35,Critical
38.47,83.72,16.08,402.66,Critical
22.16,50.85,8.1,262.1,Safe
35.35,59.46,12.96,393.04,Critical
34.75,67.37,12.21,406.3,Safe
24.95,56.1,11.29,265.86,Safe
35.33,84.57,19.88,412.28,Critical
36.41,57.94,12.83,477.84,Critical
34.61,74.44,13.02,467.98,Critical
32.69,59.18,9.63,301.19,Warning
38.58,67.05,14.11,390.9,Warning
27.61,71.0,15.4,429.92,Safe
26.72,69.17,13.89,359.67,Warning
22.2,64.54,15.57,333.7,Safe
26.4,51.9,7.63,230.49,Safe
34.9,58.48,11.53,472.01,Warning
28.62,60.09,11.97,319.54,Safe
22.23,76.76,16.45,347.82,Critical
26.62,79.65,15.1,386.31,Critical
32.09,59.53,10.56,387.19,Warning
37.74,55.22,12.5,379.16,Warning
31.73,86.49,18.22,358.87,Warning
38.51,53.0,10.88,414.36,Critical
29.48,80.44,16.29,320.84,Critical
23.83,72.02,12.92,363.23,Warning
37.9,67.94,14.89,519.19,Warning
29.66,70.95,16.9,427.64,Warning
31.98,77.87,13.35,313.82,Critical
21.22,88.9,15.92,342.13,Warning
29.9,71.3,14.34,302.7,Warning
35.01,65.37,14.75,407.99,Safe
24.14,50.14,10.46,308.44,Safe
20.18,87.15,17.51,289.96,Critical
34.41,60.35,14.18,382.42,Safe
31.04,56.84,8.64,311.71,Safe
32.79,87.68,16.2,350.18,Critical
37.47,52.06,13.29,519.48,Warning
30.69,50.06,9.1,369.23,Warning
26.49,87.86,19.88,326.55,Critical
22.67,85.93,15.96,384.14,Critical
36.32,82.96,14.91,512.19,Critical
25.12,50.63,11.07,365.43,Safe
38.78,73.33,16.0,497.9,Critical
25.15,75.05,15.64,282.69,Safe
24.41,60.75,12.64,356.54,Safe
35.06,56.23,9.64,435.01,Safe
22.97,69.16,13.81,292.25,Safe
23.78,69.62,15.3,337.91,Safe
26.2,85.41,18.99,386.93,Critical
21.39,52.88,9.05,324.61,Safe
39.41,54.01,10.96,485.18,Warning
32.07,65.12,10.15,423.7,Critical
38.69,55.29,12.68,413.13,Critical
31.99,81.7,13.4,433.57,Critical
34.72,63.54,13.95,369.32,Safe
35.19,85.7,19.03,416.23,Critical
29.58,59.75,12.21,319.64,Safe
20.42,51.78,10.62,193.71,Safe
37.73,66.61,10.33,384.84,Warning
28.54,55.9,12.11,302.09,Safe
37.58,65.39,15.38,504.35,Warning
29.84,89.63,16.27,452.78,Warning
27.15,74.63,12.64,402.43,Safe
37.91,74.18,12.9,448.48,Critical
23.63,67.01,15.76,345.05,Warning
26.97,54.16,13.33,362.23,Safe
38.66,82.43,17.75,407.57,Critical
20.04,87.32,15.36,302.14,Warning
26.41,65.62,14.45,382.04,Warning
36.29,54.53,10.47,451.52,Warning
21.81,89.79,16.05,279.95,Critical
26.39,66.95,14.55,322.88,Warning
22.76,87.76,20.08,309.31,Critical
30.99,71.55,14.27,387.04,Safe
27.69,73.24,14.18,360.26,Safe
34.06,59.41,8.9,464.12,Warning
27.25,68.96,11.59,268.08,Warning
27.22,83.97,18.47,306.85,Critical
29.21,83.41,16.99,446.06,Warning
24.85,83.11,13.96,260.35,Warning
39.24,78.16,14.9,391.12,Warning
27.43,78.06,16.59,289.05,Critical
36.75,84.82,14.15,416.69,Critical
24.9,50.5,12.09,296.09,Safe
35.31,68.79,11.6,415.49,Safe
29.4,78.9,15.44,394.38,Warning
25.74,56.24,13.53,250.19,Safe
35.02,70.13,11.09,458.88,Critical
38.96,68.17,14.9,425.39,Critical
30.04,78.37,15.22,321.59,Warning
30.43,89.12,15.57,336.05,Critical
21.12,65.69,15.07,362.71,Safe
36.33,68.74,12.63,449.15,Safe
23.3,82.13,17.31,270.71,Critical
22.17,53.11,11.24,333.36,Safe
20.56,61.29,12.51,198.6,Safe
31.94,80.26,14.91,402.22,Critical
38.58,59.61,9.43,444.17,Warning
31.27,81.61,13.6,351.03,Safe
20.17,64.27,11.55,243.15,Safe
26.29,65.63,12.26,264.92,Safe
26.63,85.86,17.19,352.6,Critical
35.5,50.95,11.97,411.16,Warning
25.8,56.06,10.99,374.58,Safe
21.87,78.74,18.05,358.15,Critical
33.08,80.75,14.12,475.59,Warning
28.95,55.25,9.8,358.26,Safe
38.8,51.6,11.6,475.26,Warning
24.18,74.42,12.33,247.83,Warning
21.95,50.6,11.72,247.63,Safe
37.35,81.9,18.75,467.08,Critical
29.1,56.79,10.13,272.56,Warning
27.07,52.85,11.83,323.57,Safe
39.72,89.14,19.41,484.98,Critical
38.48,87.59,20.35,484.67,Critical
27.27,61.47,11.75,350.6,Safe
33.61,67.63,13.6,424.04,Safe
27.47,77.29,15.49,314.2,Warning
37.51,77.3,16.18,479.02,Critical
34.82,59.79,13.89,338.92,Warning
37.06,61.63,10.28,405.88,Warning
24.46,84.97,18.01,310.48,Critical
29.37,71.4,16.19,312.11,Warning
34.64,86.7,19.87,488.66,Critical
23.99,63.15,11.53,376.98,Warning
24.25,79.65,13.62,303.33,Warning
30.9,87.94,15.46,340.46,Critical
20.63,74.04,14.09,346.58,Warning
35.79,89.14,16.11,392.29,Critical
20.46,80.34,15.61,242.98,Warning
23.52,55.67,9.78,217.17,Safe
37.48,68.06,13.13,394.71,Safe
23.68,52.15,12.8,289.37,Safe
39.27,61.88,10.57,516.26,Safe
29.51,77.55,13.47,393.92,Safe
38.25,72.81,16.5,474.75,Critical
21.56,76.72,16.04,267.6,Warning
20.28,85.86,19.77,301.56,Critical
26.33,81.68,17.38,312.25,Critical
34.45,89.53,20.57,504.51,Critical
32.69,75.56,15.58,330.64,Critical
28.4,71.84,12.36,326.21,Warning
24.2,57.65,12.61,377.87,Safe
27.41,64.55,11.72,301.81,Safe
33.99,75.96,14.93,400.21,Warning
36.56,67.03,16.25,420.58,Critical
29.18,64.92,13.3,304.33,Warning
27.63,83.8,17.89,355.75,Critical
25.66,74.82,17.51,401.27,Warning
36.12,54.15,11.73,438.45,Safe
22.07,80.0,16.74,311.56,Critical
32.67,70.13,15.86,432.83,Safe
24.24,81.08,16.53,263.37,Critical
37.13,88.02,16.71,501.85,Critical
29.28,86.32,18.13,428.99,Warning
20.15,64.99,11.34,223.58,Warning
26.15,86.11,19.68,387.63,Critical
38.0,66.58,10.41,376.59,Safe
36.82,70.76,15.6,417.0,Warning
39.18,89.71,16.39,549.51,Critical
23.85,75.78,17.13,372.36,Warning
22.58,75.45,17.95,263.34,Warning
30.35,67.5,11.1,407.19,Safe
32.63,81.37,18.33,438.32,Critical
25.2,72.12,17.12,290.2,Warning
20.51,50.46,11.71,208.14,Safe
32.36,71.75,17.18,420.99,Critical
34.85,55.22,10.77,423.39,Safe
23.73,76.1,13.55,256.06,Warning
34.53,82.28,15.72,385.58,Critical
25.5,87.4,18.24,368.34,Critical
31.59,54.14,10.58,384.14,Safe
22.84,60.48,10.18,211.68,Safe
36.89,86.51,15.55,382.76,Critical
28.27,69.46,14.65,309.6,Warning
27.51,62.54,14.96,399.27,Safe
25.98,86.15,18.19,371.74,Critical
37.1,54.69,9.99,396.44,Critical
32.0,50.2,10.17,331.57,Safe
23.86,51.18,7.37,277.33,Safe
23.05,84.67,14.62,258.31,Warning
26.55,58.79,13.12,401.48,Warning
25.47,57.97,9.15,333.74,Safe
33.04,68.68,15.59,398.12,Safe
38.45,60.0,10.19,490.82,Critical
25.62,65.71,13.64,367.03,Warning
23.31,58.23,12.98,287.36,Safe
28.92,73.85,13.4,327.2,Safe
32.15,67.17,13.84,370.53,Critical
36.39,67.98,15.93,516.85,Safe
31.74,61.74,14.31,412.17,Warning
27.97,54.59,12.77,332.25,Safe
23.72,59.81,10.25,267.92,Safe
22.9,62.58,9.57,306.98,Safe
34.34,58.55,12.11,375.4,Warning
24.65,52.65,9.23,246.6,Safe
24.35,72.44,15.79,393.85,Safe
31.48,75.85,16.26,385.73,Warning
23.96,51.99,10.36,218.89,Safe
25.49,54.77,10.67,324.48,Safe
31.82,59.46,9.02,286.15,Safe
38.23,61.37,14.32,438.35,Critical
38.36,51.56,11.18,370.61,Warning
21.9,82.1,17.76,271.75,Critical
35.07,66.01,13.54,388.51,Critical
20.94,61.94,15.29,284.78,Safe
32.82,86.42,19.34,494.93,Critical
22.05,58.96,13.74,231.4,Safe
39.87,84.46,18.24,446.11,Critical
21.76,78.96,17.67,356.53,Critical
30.75,50.2,11.17,291.75,Safe
22.22,87.89,15.03,270.04,Warning
32.26,82.5,15.12,345.45,Critical
31.67,54.8,9.88,309.78,Warning
32.74,76.73,15.48,363.28,Warning
33.23,89.05,16.74,452.94,Critical
24.52,60.55,10.89,232.9,Safe
31.17,84.91,17.94,439.04,Critical
33.9,53.01,10.57,345.85,Warning
33.41,68.73,13.06,397.42,Safe
24.17,73.62,14.89,373.5,Warning
34.17,76.21,17.33,365.26,Critical
22.6,86.67,16.65,301.64,Critical
32.41,58.12,11.03,310.23,Safe
23.28,62.29,14.68,329.94,Safe
22.95,85.05,18.48,280.39,Critical
37.88,57.48,8.67,448.05,Safe
27.04,54.73,11.25,303.36,Safe
24.24,65.88,12.76,279.6,Warning
25.45,53.91,11.67,349.97,Safe
28.45,61.76,11.77,358.4,Safe
30.59,69.74,13.55,402.64,Safe
39.18,58.78,9.07,362.86,Warning
25.32,52.63,8.13,250.08,Safe
32.4,78.63,15.08,335.61,Warning
29.9,56.84,9.59,368.85,Warning
34.68,53.77,10.77,432.73,Safe
34.78,84.1,17.95,384.79,Critical
33.63,56.67,10.33,380.78,Warning
33.32,67.12,10.55,461.85,Warning
23.41,80.41,13.14,276.14,Warning
29.48,50.04,12.25,351.66,Safe
36.38,72.69,17.48,504.86,Critical
35.1,81.01,13.8,468.62,Warning
29.05,79.39,18.82,345.77,Warning
25.07,68.35,15.64,297.08,Warning
37.83,80.98,18.34,534.35,Critical
31.91,54.51,12.02,415.71,Safe
22.96,66.41,11.6,366.65,Warning
29.96,59.77,13.4,442.33,Warning
24.13,53.57,13.24,287.94,Safe
22.16,60.96,12.95,293.54,Safe
38.25,89.49,20.15,431.24,Critical
38.21,63.95,11.78,455.26,Safe
26.19,51.64,10.45,289.07,Safe
32.25,67.34,13.2,463.4,Safe
25.77,88.78,17.75,376.13,Critical
29.33,56.01,14.0,383.11,Safe
26.07,61.53,14.1,253.69,Safe
20.82,61.32,12.82,200.81,Safe
26.12,67.21,14.4,253.3,Warning
22.75,85.15,18.74,321.52,Critical
39.17,72.43,17.21,511.86,Critical
39.92,57.87,12.09,392.56,Warning
20.64,87.32,15.96,314.76,Warning
27.72,65.96,15.62,418.19,Warning
31.94,56.93,11.0,434.55,Safe
33.67,57.98,9.41,392.44,Safe
26.1,61.89,14.94,329.48,Safe
23.67,81.3,18.26,263.37,Critical
30.53,77.77,15.58,412.83,Safe
29.37,67.11,12.95,344.09,Safe
38.25,51.06,11.81,375.7,Warning
22.81,86.27,18.97,335.8,Critical
27.46,74.84,17.37,421.9,Warning
35.11,65.71,12.56,334.85,Critical
29.2,52.17,7.76,383.58,Safe
26.67,53.9,9.52,311.33,Safe
26.63,52.43,11.93,353.86,Safe
34.79,52.12,8.65,334.21,Warning
34.81,69.81,12.3,437.71,Warning
26.02,62.44,15.42,258.33,Safe
29.7,77.51,13.19,282.96,Critical
37.6,70.79,12.64,375.78,Warning
36.65,67.75,10.88,360.39,Safe
29.67,57.36,9.88,401.74,Warning
36.43,77.25,17.61,471.1,Critical
28.65,75.45,13.2,403.47,Critical
24.81,70.46,15.29,276.61,Warning
25.8,76.7,18.09,347.32,Warning
27.82,77.91,13.23,331.05,Warning
28.5,51.12,9.97,345.12,Safe
20.22,62.11,13.29,331.57,Safe
32.4,51.71,12.78,461.95,Safe
37.65,68.33,10.72,375.43,Critical
37.12,70.13,13.12,469.8,Safe
30.26,56.98,9.3,374.05,Warning
29.19,84.35,14.71,411.04,Critical
26.06,65.76,15.65,362.07,Warning
39.25,74.23,12.93,490.51,Critical
35.51,71.02,11.98,386.85,Critical
26.96,74.7,14.36,268.59,Safe
24.63,76.61,15.32,351.59,Safe
35.2,89.25,19.7,487.72,Critical
24.73,85.99,15.24,386.3,Safe
38.45,52.48,9.0,355.49,Warning
35.0,67.66,12.78,434.91,Warning
38.47,62.85,13.76,433.92,Critical
31.48,57.99,10.11,355.35,Warning
24.51,79.69,15.54,327.36,Warning
35.8,53.44,7.83,470.72,Warning
24.07,82.4,18.84,312.43,Critical
28.16,71.86,11.8,290.25,Warning
23.8,58.3,13.63,306.29,Safe
27.13,85.99,19.32,416.16,Warning
28.55,65.04,10.43,270.15,Warning
